axis,value,seed,policy,mean_reward,std_reward,purchase_rate
fatigue_rate,0.0,10,bandit_v2,1.5100365612636057,3.323105640273454,0.0798
fatigue_rate,0.0,10,ppo_v3,1.7118814530950774,3.493459297395999,0.0828
fatigue_rate,0.0,10,fqi_v3,1.4225506092076394,3.217520304569617,0.0784
fatigue_rate,0.0,10,uniform,1.3941617375400888,3.2730836582977263,0.0786
fatigue_rate,0.0,10,no_op,1.3099376113040386,3.1665527241720315,0.0808
fatigue_rate,0.0,11,bandit_v2,1.5170774846353534,3.343321109360233,0.0812
fatigue_rate,0.0,11,ppo_v3,1.6298958857628378,3.4495683792179777,0.0816
fatigue_rate,0.0,11,fqi_v3,1.396088785280458,3.2289681541014534,0.0796
fatigue_rate,0.0,11,uniform,1.4696812139464732,3.302203215338538,0.0818
fatigue_rate,0.0,11,no_op,1.2002902838840166,3.0164649573638087,0.0706
fatigue_rate,0.0,12,bandit_v2,1.4279026840492002,3.196745300741593,0.0732
fatigue_rate,0.0,12,ppo_v3,1.5717795642219663,3.3873960195821113,0.078
fatigue_rate,0.0,12,fqi_v3,1.4205518111134288,3.304123802042425,0.0822
fatigue_rate,0.0,12,uniform,1.3765023205383975,3.233979536707974,0.078
fatigue_rate,0.0,12,no_op,1.2948597335408925,3.1620681092780023,0.0778
fatigue_rate,0.0,13,bandit_v2,1.492918361293233,3.291773527006279,0.0762
fatigue_rate,0.0,13,ppo_v3,1.586642327787175,3.4480868065539942,0.081
fatigue_rate,0.0,13,fqi_v3,1.3993397580077165,3.2248387893068426,0.0796
fatigue_rate,0.0,13,uniform,1.393755323487224,3.25185048243627,0.0768
fatigue_rate,0.0,13,no_op,1.2859973556467512,3.1557734931630943,0.079
fatigue_rate,0.0,14,bandit_v2,1.5095224479537863,3.3984711210944436,0.0818
fatigue_rate,0.0,14,ppo_v3,1.6630371056448217,3.3929560675059522,0.077
fatigue_rate,0.0,14,fqi_v3,1.4052461077849072,3.2274469571045046,0.0798
fatigue_rate,0.0,14,uniform,1.424489802327257,3.294481402992064,0.081
fatigue_rate,0.0,14,no_op,1.2761072237745268,3.0435649267962055,0.0744
fatigue_rate,0.0,15,bandit_v2,1.5037835473104841,3.325874948157348,0.0816
fatigue_rate,0.0,15,ppo_v3,1.615739200435945,3.3274181273040377,0.0766
fatigue_rate,0.0,15,fqi_v3,1.3199806704802204,3.1651092534644087,0.073
fatigue_rate,0.0,15,uniform,1.4219383939208696,3.24471940831586,0.0794
fatigue_rate,0.0,15,no_op,1.3360354645211676,3.213164207368206,0.0818
fatigue_rate,0.0,16,bandit_v2,1.6187525550353823,3.4535481543829696,0.088
fatigue_rate,0.0,16,ppo_v3,1.7419272684451017,3.5207817042670406,0.0856
fatigue_rate,0.0,16,fqi_v3,1.3564999314699555,3.1688421801065223,0.075
fatigue_rate,0.0,16,uniform,1.4225600086433652,3.2938568192551902,0.0794
fatigue_rate,0.0,16,no_op,1.3068904671716575,3.1596260297407346,0.0796
fatigue_rate,0.0,17,bandit_v2,1.427420332497724,3.1884709838350838,0.071
fatigue_rate,0.0,17,ppo_v3,1.5896959479986774,3.28180403760393,0.0726
fatigue_rate,0.0,17,fqi_v3,1.3690927403006086,3.1550787501686908,0.0722
fatigue_rate,0.0,17,uniform,1.4208951172635995,3.272373812194008,0.0788
fatigue_rate,0.0,17,no_op,1.2394327944116246,3.039980984475856,0.0734
fatigue_rate,0.0,18,bandit_v2,1.4560986272491965,3.236839074101923,0.074
fatigue_rate,0.0,18,ppo_v3,1.460816764666288,3.2596886466887676,0.076
fatigue_rate,0.0,18,fqi_v3,1.4187713811537934,3.318025633091162,0.083
fatigue_rate,0.0,18,uniform,1.3929124289538457,3.2334957638876634,0.0772
fatigue_rate,0.0,18,no_op,1.1783664446316775,2.9549834120403067,0.0688
fatigue_rate,0.0,19,bandit_v2,1.6022185030645397,3.4675997264993437,0.0882
fatigue_rate,0.0,19,ppo_v3,1.59872804495224,3.4427785147883463,0.0798
fatigue_rate,0.0,19,fqi_v3,1.348474366278666,3.2047221871851717,0.0784
fatigue_rate,0.0,19,uniform,1.4041993346668227,3.2353253757650218,0.079
fatigue_rate,0.0,19,no_op,1.361148149497409,3.2554580781914013,0.0858
fatigue_rate,0.0,20,bandit_v2,1.4456714851937267,3.2824080992871694,0.0748
fatigue_rate,0.0,20,ppo_v3,1.540750831090389,3.266121582440071,0.0724
fatigue_rate,0.0,20,fqi_v3,1.429625244021344,3.2877217565073047,0.082
fatigue_rate,0.0,20,uniform,1.4204525119888542,3.2839638728537834,0.0786
fatigue_rate,0.0,20,no_op,1.2186434814011158,3.0375124764631543,0.0724
fatigue_rate,0.0,21,bandit_v2,1.4531641428448863,3.2654703682545088,0.0772
fatigue_rate,0.0,21,ppo_v3,1.2782784769892466,3.1349339067282167,0.074
fatigue_rate,0.0,21,fqi_v3,1.3424403950662633,3.185402838865779,0.0768
fatigue_rate,0.0,21,uniform,1.3947475141470638,3.203559192369311,0.077
fatigue_rate,0.0,21,no_op,1.3496697418157089,3.2037777074506937,0.0834
fatigue_rate,0.0,22,bandit_v2,1.5470385049939974,3.356240920403333,0.0832
fatigue_rate,0.0,22,ppo_v3,1.5680305978960989,3.396307520391738,0.079
fatigue_rate,0.0,22,fqi_v3,1.2863801111899125,3.1094283562714646,0.07
fatigue_rate,0.0,22,uniform,1.3809327229929673,3.2256098624988523,0.0766
fatigue_rate,0.0,22,no_op,1.2876910815118405,3.133239119174264,0.077
fatigue_rate,0.0,23,bandit_v2,1.452436924471586,3.2614705963048976,0.0776
fatigue_rate,0.0,23,ppo_v3,1.6466514864797863,3.5080450941385615,0.087
fatigue_rate,0.0,23,fqi_v3,1.3513669815512115,3.209366355356295,0.0764
fatigue_rate,0.0,23,uniform,1.4422110466819116,3.2816433676160583,0.0784
fatigue_rate,0.0,23,no_op,1.248020483845504,3.0618450780779023,0.075
fatigue_rate,0.0,24,bandit_v2,1.4493220370691209,3.238221143268627,0.0764
fatigue_rate,0.0,24,ppo_v3,1.6859520029571247,3.3731280718113608,0.0806
fatigue_rate,0.0,24,fqi_v3,1.3663150600835794,3.2085525907095254,0.079
fatigue_rate,0.0,24,uniform,1.4322788026572024,3.305852836040442,0.0776
fatigue_rate,0.0,24,no_op,1.3501581326170922,3.203891450244311,0.0816
fatigue_rate,0.1,10,bandit_v2,1.2730768217410091,3.202300092451206,0.0802
fatigue_rate,0.1,10,ppo_v3,1.4268995673811795,3.2670235513818113,0.0822
fatigue_rate,0.1,10,fqi_v3,1.3081630135624789,3.191302501188016,0.08
fatigue_rate,0.1,10,uniform,1.2010017375400885,3.173059645953623,0.0786
fatigue_rate,0.1,10,no_op,1.3099376113040386,3.1665527241720315,0.0808
fatigue_rate,0.1,11,bandit_v2,1.2472564997608333,3.1664507460234796,0.077
fatigue_rate,0.1,11,ppo_v3,1.2996574406335424,3.136260459084007,0.0772
fatigue_rate,0.1,11,fqi_v3,1.322713434509298,3.1781082295507312,0.0792
fatigue_rate,0.1,11,uniform,1.2717612139464733,3.213045825255704,0.0818
fatigue_rate,0.1,11,no_op,1.2002902838840166,3.0164649573638087,0.0706
fatigue_rate,0.1,12,bandit_v2,1.2699228179740647,3.1623493746039677,0.0778
fatigue_rate,0.1,12,ppo_v3,1.3305797374362571,3.2279471653260203,0.0788
fatigue_rate,0.1,12,fqi_v3,1.274968001687441,3.214153690740668,0.0772
fatigue_rate,0.1,12,uniform,1.1987423205383976,3.1562110829148446,0.078
fatigue_rate,0.1,12,no_op,1.2948597335408925,3.1620681092780023,0.0778
fatigue_rate,0.1,13,bandit_v2,1.2229904671307417,3.1810113284608206,0.0758
fatigue_rate,0.1,13,ppo_v3,1.2954048653523402,3.120671847111434,0.0756
fatigue_rate,0.1,13,fqi_v3,1.2993745808021602,3.219823012137267,0.0804
fatigue_rate,0.1,13,uniform,1.2026353234872238,3.191949902661235,0.0768
fatigue_rate,0.1,13,no_op,1.2859973556467512,3.1557734931630943,0.079
fatigue_rate,0.1,14,bandit_v2,1.3234491447492582,3.3000026430576903,0.0832
fatigue_rate,0.1,14,ppo_v3,1.4346219772754631,3.291827905535387,0.0828
fatigue_rate,0.1,14,fqi_v3,1.2187043592977307,3.078782737523095,0.0738
fatigue_rate,0.1,14,uniform,1.240829802327257,3.2143059476124414,0.081
fatigue_rate,0.1,14,no_op,1.2761072237745268,3.0435649267962055,0.0744
fatigue_rate,0.1,15,bandit_v2,1.3141390872079262,3.250260619955119,0.083
fatigue_rate,0.1,15,ppo_v3,1.366640049778993,3.2626387374461223,0.0838
fatigue_rate,0.1,15,fqi_v3,1.2408490982693994,3.1904369379213584,0.0786
fatigue_rate,0.1,15,uniform,1.2300583939208696,3.158713765238794,0.0794
fatigue_rate,0.1,15,no_op,1.3360354645211676,3.213164207368206,0.0818
fatigue_rate,0.1,16,bandit_v2,1.3694575639281552,3.350394608181886,0.0862
fatigue_rate,0.1,16,ppo_v3,1.3068904671716575,3.1596260297407346,0.0796
fatigue_rate,0.1,16,fqi_v3,1.2748568877580146,3.196120567658158,0.0786
fatigue_rate,0.1,16,uniform,1.2378200086433653,3.211091828956857,0.0794
fatigue_rate,0.1,16,no_op,1.3068904671716575,3.1596260297407346,0.0796
fatigue_rate,0.1,17,bandit_v2,1.1783026134933885,3.072378660495166,0.0698
fatigue_rate,0.1,17,ppo_v3,1.297611866408568,3.1091788766815474,0.076
fatigue_rate,0.1,17,fqi_v3,1.2030623929457187,3.0613504777080776,0.07
fatigue_rate,0.1,17,uniform,1.2168751172635994,3.2137465950995394,0.0788
fatigue_rate,0.1,17,no_op,1.2394327944116246,3.039980984475856,0.0734
fatigue_rate,0.1,18,bandit_v2,1.2669848480944812,3.2002380036531743,0.078
fatigue_rate,0.1,18,ppo_v3,1.227487946299604,3.0278606409775373,0.0716
fatigue_rate,0.1,18,fqi_v3,1.2528398227374904,3.202339947730119,0.0766
fatigue_rate,0.1,18,uniform,1.2068524289538456,3.1401651949554763,0.0772
fatigue_rate,0.1,18,no_op,1.1783664446316775,2.9549834120403067,0.0688
fatigue_rate,0.1,19,bandit_v2,1.4262468547313596,3.376824481969747,0.0908
fatigue_rate,0.1,19,ppo_v3,1.32715004495224,3.262139057917829,0.0798
fatigue_rate,0.1,19,fqi_v3,1.2179521402870048,3.125168517571537,0.0762
fatigue_rate,0.1,19,uniform,1.2058793346668226,3.165349007177461,0.079
fatigue_rate,0.1,19,no_op,1.361148149497409,3.2554580781914013,0.0858
fatigue_rate,0.1,20,bandit_v2,1.1831039848128637,3.1813883577740163,0.0752
fatigue_rate,0.1,20,ppo_v3,1.2347717243034082,3.134360582303846,0.0702
fatigue_rate,0.1,20,fqi_v3,1.220467179449283,3.1770248297693744,0.078
fatigue_rate,0.1,20,uniform,1.2313925119888542,3.182537994807069,0.0786
fatigue_rate,0.1,20,no_op,1.2186434814011158,3.0375124764631543,0.0724
fatigue_rate,0.1,21,bandit_v2,1.2424315060902753,3.2119572583965725,0.0788
fatigue_rate,0.1,21,ppo_v3,1.350901741815709,3.2040855808252515,0.0834
fatigue_rate,0.1,21,fqi_v3,1.210892943034555,3.105865879975,0.0738
fatigue_rate,0.1,21,uniform,1.2046875141470637,3.1171080608258195,0.077
fatigue_rate,0.1,21,no_op,1.3496697418157089,3.2037777074506937,0.0834
fatigue_rate,0.1,22,bandit_v2,1.230461485400511,3.156463670259041,0.0748
fatigue_rate,0.1,22,ppo_v3,1.376487827212392,3.2294651471258793,0.0788
fatigue_rate,0.1,22,fqi_v3,1.24412354110272,3.1710313106387495,0.075
fatigue_rate,0.1,22,uniform,1.1990127229929672,3.1452825284957173,0.0766
fatigue_rate,0.1,22,no_op,1.2876910815118405,3.133239119174264,0.077
fatigue_rate,0.1,23,bandit_v2,1.197660681844669,3.1200534955505996,0.0722
fatigue_rate,0.1,23,ppo_v3,1.2966980922815186,3.2183244812688248,0.0844
fatigue_rate,0.1,23,fqi_v3,1.2410957407633616,3.1429234363674667,0.0756
fatigue_rate,0.1,23,uniform,1.2348710466819117,3.199707040343872,0.0784
fatigue_rate,0.1,23,no_op,1.248020483845504,3.0618450780779023,0.075
fatigue_rate,0.1,24,bandit_v2,1.2315406108324212,3.133315546951987,0.0746
fatigue_rate,0.1,24,ppo_v3,1.3501581326170922,3.203891450244311,0.0816
fatigue_rate,0.1,24,fqi_v3,1.3358079058548906,3.297903377375998,0.086
fatigue_rate,0.1,24,uniform,1.2306188026572022,3.2147203415251986,0.0776
fatigue_rate,0.1,24,no_op,1.3501581326170922,3.203891450244311,0.0816
fatigue_rate,0.2,10,bandit_v2,1.1888317706655274,3.2101168298943255,0.083
fatigue_rate,0.2,10,ppo_v3,1.3099376113040386,3.1665527241720315,0.0808
fatigue_rate,0.2,10,fqi_v3,1.2068683293586147,3.1308081313411518,0.0782
fatigue_rate,0.2,10,uniform,1.0712617375400886,3.12677053477373,0.0786
fatigue_rate,0.2,10,no_op,1.3099376113040386,3.1665527241720315,0.0808
fatigue_rate,0.2,11,bandit_v2,1.1870305078654735,3.165713001889175,0.0788
fatigue_rate,0.2,11,ppo_v3,1.2002902838840166,3.0164649573638087,0.0706
fatigue_rate,0.2,11,fqi_v3,1.2577286603374307,3.1709168555845695,0.0794
fatigue_rate,0.2,11,uniform,1.125841213946473,3.1756796899163815,0.0818
fatigue_rate,0.2,11,no_op,1.2002902838840166,3.0164649573638087,0.0706
fatigue_rate,0.2,12,bandit_v2,1.235907693227457,3.2387134661848984,0.0856
fatigue_rate,0.2,12,ppo_v3,1.1319078718675386,3.113397532985636,0.0778
fatigue_rate,0.2,12,fqi_v3,1.203367052638832,3.172184896370903,0.0774
fatigue_rate,0.2,12,uniform,1.0596023205383975,3.1231261370251677,0.078
fatigue_rate,0.2,12,no_op,1.2948597335408925,3.1620681092780023,0.0778
fatigue_rate,0.2,13,bandit_v2,1.1715445864085563,3.177621674577735,0.0804
fatigue_rate,0.2,13,ppo_v3,1.2608412513428227,3.1629736347929636,0.0784
fatigue_rate,0.2,13,fqi_v3,1.1950917460089951,3.1721295755838392,0.0786
fatigue_rate,0.2,13,uniform,1.0613353234872238,3.152218581107822,0.0768
fatigue_rate,0.2,13,no_op,1.2859973556467512,3.1557734931630943,0.079
fatigue_rate,0.2,14,bandit_v2,1.1875488827457759,3.2243299676289734,0.08
fatigue_rate,0.2,14,ppo_v3,1.2761072237745268,3.0435649267962055,0.0744
fatigue_rate,0.2,14,fqi_v3,1.1813336226084505,3.126311619984565,0.0768
fatigue_rate,0.2,14,uniform,1.119069802327257,3.1915858475583683,0.081
fatigue_rate,0.2,14,no_op,1.2761072237745268,3.0435649267962055,0.0744
fatigue_rate,0.2,15,bandit_v2,1.2175877034090576,3.2279706257862624,0.082
fatigue_rate,0.2,15,ppo_v3,1.3360354645211676,3.213164207368206,0.0818
fatigue_rate,0.2,15,fqi_v3,1.2087711475375655,3.1917089271430776,0.08
fatigue_rate,0.2,15,uniform,1.0988183939208696,3.1174351327798435,0.0794
fatigue_rate,0.2,15,no_op,1.3360354645211676,3.213164207368206,0.0818
fatigue_rate,0.2,16,bandit_v2,1.218481530527195,3.229319371339695,0.0842
fatigue_rate,0.2,16,ppo_v3,1.3068904671716575,3.1596260297407346,0.0796
fatigue_rate,0.2,16,fqi_v3,1.1722949776991392,3.089342318176239,0.0744
fatigue_rate,0.2,16,uniform,1.0999200086433654,3.1600513506156878,0.0794
fatigue_rate,0.2,16,no_op,1.3068904671716575,3.1596260297407346,0.0796
fatigue_rate,0.2,17,bandit_v2,1.1642024152427062,3.1618232663753845,0.0794
fatigue_rate,0.2,17,ppo_v3,1.2152842312794818,3.021534940426249,0.0718
fatigue_rate,0.2,17,fqi_v3,1.1290909974331866,3.099061187882313,0.0742
fatigue_rate,0.2,17,uniform,1.0731551172635994,3.1732811663285347,0.0788
fatigue_rate,0.2,17,no_op,1.2394327944116246,3.039980984475856,0.0734
fatigue_rate,0.2,18,bandit_v2,1.1715391622577376,3.1021461251971036,0.0752
fatigue_rate,0.2,18,ppo_v3,1.1783664446316775,2.9549834120403067,0.0688
fatigue_rate,0.2,18,fqi_v3,1.1690817112129344,3.187971482165944,0.0808
fatigue_rate,0.2,18,uniform,1.0768324289538458,3.097843549209109,0.0772
fatigue_rate,0.2,18,no_op,1.1783664446316775,2.9549834120403067,0.0688
fatigue_rate,0.2,19,bandit_v2,1.193357909940259,3.2056655188141514,0.0806
fatigue_rate,0.2,19,ppo_v3,1.3585757560577831,3.2386527604498263,0.0836
fatigue_rate,0.2,19,fqi_v3,1.116820648817029,3.067461776635632,0.073
fatigue_rate,0.2,19,uniform,1.0712393346668228,3.1257235276328,0.079
fatigue_rate,0.2,19,no_op,1.361148149497409,3.2554580781914013,0.0858
fatigue_rate,0.2,20,bandit_v2,1.0997966365819787,3.1711520351814446,0.079
fatigue_rate,0.2,20,ppo_v3,1.2533732630945786,3.0383347427724647,0.0734
fatigue_rate,0.2,20,fqi_v3,1.1211316225364,3.1673292819219485,0.0798
fatigue_rate,0.2,20,uniform,1.0929125119888543,3.140223087231708,0.0786
fatigue_rate,0.2,20,no_op,1.2186434814011158,3.0375124764631543,0.0724
fatigue_rate,0.2,21,bandit_v2,1.140166482446061,3.1463972683589314,0.0774
fatigue_rate,0.2,21,ppo_v3,1.358247102784667,3.2224261412368707,0.084
fatigue_rate,0.2,21,fqi_v3,1.1505301548505957,3.0921749153225475,0.0764
fatigue_rate,0.2,21,uniform,1.0714875141470637,3.067162073645482,0.077
fatigue_rate,0.2,21,no_op,1.3496697418157089,3.2037777074506937,0.0834
fatigue_rate,0.2,22,bandit_v2,1.1360147404356926,3.083039790436958,0.0734
fatigue_rate,0.2,22,ppo_v3,1.271884455791863,3.1089890315368383,0.0758
fatigue_rate,0.2,22,fqi_v3,1.1926471974934385,3.173749292534685,0.078
fatigue_rate,0.2,22,uniform,1.0553527229929673,3.090564690550256,0.0766
fatigue_rate,0.2,22,no_op,1.2876910815118405,3.133239119174264,0.077
fatigue_rate,0.2,23,bandit_v2,1.027021611559054,3.0135610140061018,0.0694
fatigue_rate,0.2,23,ppo_v3,1.2406921481792008,3.2988874610315815,0.0866
fatigue_rate,0.2,23,fqi_v3,1.2240041846289609,3.201070768380874,0.0812
fatigue_rate,0.2,23,uniform,1.1022910466819116,3.158041056661722,0.0784
fatigue_rate,0.2,23,no_op,1.248020483845504,3.0618450780779023,0.075
fatigue_rate,0.2,24,bandit_v2,1.154603494607007,3.167384855068797,0.0798
fatigue_rate,0.2,24,ppo_v3,1.3501581326170922,3.203891450244311,0.0816
fatigue_rate,0.2,24,fqi_v3,1.129365915961969,3.1228055187786388,0.0776
fatigue_rate,0.2,24,uniform,1.0912988026572024,3.1889530415077023,0.0776
fatigue_rate,0.2,24,no_op,1.3501581326170922,3.203891450244311,0.0816
fatigue_rate,0.4,10,bandit_v2,1.0748721357070323,3.1431975657082996,0.0802
fatigue_rate,0.4,10,ppo_v3,1.3099376113040386,3.1665527241720315,0.0808
fatigue_rate,0.4,10,fqi_v3,1.0209152196177522,3.0601188125500824,0.0756
fatigue_rate,0.4,10,uniform,0.9004217375400886,3.094555524171504,0.0786
fatigue_rate,0.4,10,no_op,1.3099376113040386,3.1665527241720315,0.0808
fatigue_rate,0.4,11,bandit_v2,1.0922251247990469,3.117109553969385,0.078
fatigue_rate,0.4,11,ppo_v3,1.2002902838840166,3.0164649573638087,0.0706
fatigue_rate,0.4,11,fqi_v3,1.1579742218787366,3.1652415459369645,0.0812
fatigue_rate,0.4,11,uniform,0.9225412139464731,3.1131046140434893,0.0818
fatigue_rate,0.4,11,no_op,1.2002902838840166,3.0164649573638087,0.0706
fatigue_rate,0.4,12,bandit_v2,1.078833963353933,3.1417051354599574,0.0804
fatigue_rate,0.4,12,ppo_v3,1.2948597335408925,3.1620681092780023,0.0778
fatigue_rate,0.4,12,fqi_v3,1.1516968270497685,3.2242764633491143,0.0828
fatigue_rate,0.4,12,uniform,0.8716423205383975,3.0579110016748414,0.078
fatigue_rate,0.4,12,no_op,1.2948597335408925,3.1620681092780023,0.0778
fatigue_rate,0.4,13,bandit_v2,1.042651336194148,3.000736626705711,0.0718
fatigue_rate,0.4,13,ppo_v3,1.2859973556467512,3.1557734931630943,0.079
fatigue_rate,0.4,13,fqi_v3,1.0914132380308648,3.1645148896422883,0.0788
fatigue_rate,0.4,13,uniform,0.8839553234872237,3.112959217145027,0.0768
fatigue_rate,0.4,13,no_op,1.2859973556467512,3.1557734931630943,0.079
fatigue_rate,0.4,14,bandit_v2,1.1105559520934207,3.1160102554468896,0.0804
fatigue_rate,0.4,14,ppo_v3,1.2761072237745268,3.0435649267962055,0.0744
fatigue_rate,0.4,14,fqi_v3,1.122077179732498,3.1525420392987096,0.081
fatigue_rate,0.4,14,uniform,0.941929802327257,3.1508058380659576,0.081
fatigue_rate,0.4,14,no_op,1.2761072237745268,3.0435649267962055,0.0744
fatigue_rate,0.4,15,bandit_v2,1.0160887926218625,3.023121278665189,0.0722
fatigue_rate,0.4,15,ppo_v3,1.3360354645211676,3.213164207368206,0.0818
fatigue_rate,0.4,15,fqi_v3,1.0875874393904983,3.1753200377680275,0.081
fatigue_rate,0.4,15,uniform,0.9222783939208695,3.0807262753522586,0.0794
fatigue_rate,0.4,15,no_op,1.3360354645211676,3.213164207368206,0.0818
fatigue_rate,0.4,16,bandit_v2,1.0335227297317195,3.024192197082376,0.0736
fatigue_rate,0.4,16,ppo_v3,1.3068904671716575,3.1596260297407346,0.0796
fatigue_rate,0.4,16,fqi_v3,1.0766703529085233,3.0585614055376595,0.0746
fatigue_rate,0.4,16,uniform,0.9286600086433653,3.1118355459062066,0.0794
fatigue_rate,0.4,16,no_op,1.3068904671716575,3.1596260297407346,0.0796
fatigue_rate,0.4,17,bandit_v2,1.0935011195224729,3.159121077095815,0.078
fatigue_rate,0.4,17,ppo_v3,1.2394327944116246,3.039980984475856,0.0734
fatigue_rate,0.4,17,fqi_v3,0.9777231900812104,3.035834376295757,0.0716
fatigue_rate,0.4,17,uniform,0.8977951172635994,3.1470963781216605,0.0788
fatigue_rate,0.4,17,no_op,1.2394327944116246,3.039980984475856,0.0734
fatigue_rate,0.4,18,bandit_v2,1.1252864182726952,3.1207604451094495,0.0788
fatigue_rate,0.4,18,ppo_v3,1.1783664446316775,2.9549834120403067,0.0688
fatigue_rate,0.4,18,fqi_v3,0.9961871442860943,3.0867746487235226,0.0758
fatigue_rate,0.4,18,uniform,0.8934324289538458,3.0526664877112455,0.0772
fatigue_rate,0.4,18,no_op,1.1783664446316775,2.9549834120403067,0.0688
fatigue_rate,0.4,19,bandit_v2,1.1151979062307467,3.1468065271215435,0.081
fatigue_rate,0.4,19,ppo_v3,1.361148149497409,3.2554580781914013,0.0858
fatigue_rate,0.4,19,fqi_v3,1.0608861468015514,3.1339218123451227,0.0772
fatigue_rate,0.4,19,uniform,0.8877193346668226,3.0813905263782133,0.079
fatigue_rate,0.4,19,no_op,1.361148149497409,3.2554580781914013,0.0858
fatigue_rate,0.4,20,bandit_v2,0.9909230707745666,3.0983374403905497,0.0746
fatigue_rate,0.4,20,ppo_v3,1.2186434814011158,3.0375124764631543,0.0724
fatigue_rate,0.4,20,fqi_v3,1.0303664682612212,3.1838690737672892,0.084
fatigue_rate,0.4,20,uniform,0.9095925119888543,3.0887260787514417,0.0786
fatigue_rate,0.4,20,no_op,1.2186434814011158,3.0375124764631543,0.0724
fatigue_rate,0.4,21,bandit_v2,1.0554709438918328,3.133960149105375,0.0788
fatigue_rate,0.4,21,ppo_v3,1.3496697418157089,3.2037777074506937,0.0834
fatigue_rate,0.4,21,fqi_v3,1.1152226380222465,3.1194390456203225,0.0792
fatigue_rate,0.4,21,uniform,0.9044675141470636,3.0304044636932175,0.077
fatigue_rate,0.4,21,no_op,1.3496697418157089,3.2037777074506937,0.0834
fatigue_rate,0.4,22,bandit_v2,1.1063322002638112,3.1321473636096258,0.0798
fatigue_rate,0.4,22,ppo_v3,1.2464243714928305,3.0786486824363086,0.0734
fatigue_rate,0.4,22,fqi_v3,1.0496364527757187,3.0829929856053226,0.074
fatigue_rate,0.4,22,uniform,0.8636327229929673,3.0452870863740977,0.0766
fatigue_rate,0.4,22,no_op,1.2876910815118405,3.133239119174264,0.077
fatigue_rate,0.4,23,bandit_v2,1.0166696284223369,3.0583838421646248,0.077
fatigue_rate,0.4,23,ppo_v3,1.248020483845504,3.0618450780779023,0.075
fatigue_rate,0.4,23,fqi_v3,1.0651171441231257,3.191608452524426,0.0818
fatigue_rate,0.4,23,uniform,0.9222310466819117,3.103190291209211,0.0784
fatigue_rate,0.4,23,no_op,1.248020483845504,3.0618450780779023,0.075
fatigue_rate,0.4,24,bandit_v2,1.0675330405795518,3.107030613823688,0.0788
fatigue_rate,0.4,24,ppo_v3,1.3501581326170922,3.203891450244311,0.0816
fatigue_rate,0.4,24,fqi_v3,0.972463053277162,3.0416903256440504,0.0744
fatigue_rate,0.4,24,uniform,0.8978588026572023,3.1218209929198433,0.0776
fatigue_rate,0.4,24,no_op,1.3501581326170922,3.203891450244311,0.0816
fatigue_rate,0.6,10,bandit_v2,1.0212636926041323,3.0463791059746423,0.0756
fatigue_rate,0.6,10,ppo_v3,1.3099376113040386,3.1665527241720315,0.0808
fatigue_rate,0.6,10,fqi_v3,0.9102300316678177,3.009526084465084,0.0736
fatigue_rate,0.6,10,uniform,0.7869817375400886,3.068264136726134,0.0786
fatigue_rate,0.6,10,no_op,1.3099376113040386,3.1665527241720315,0.0808
fatigue_rate,0.6,11,bandit_v2,1.1199248827550299,3.2051454480375865,0.0858
fatigue_rate,0.6,11,ppo_v3,1.2002902838840166,3.0164649573638087,0.0706
fatigue_rate,0.6,11,fqi_v3,1.0549473565972933,3.132479382625786,0.0808
fatigue_rate,0.6,11,uniform,0.8087812139464732,3.1021900474468747,0.0818
fatigue_rate,0.6,11,no_op,1.2002902838840166,3.0164649573638087,0.0706
fatigue_rate,0.6,12,bandit_v2,1.048970359192791,3.1354304766872807,0.08
fatigue_rate,0.6,12,ppo_v3,1.2948597335408925,3.1620681092780023,0.0778
fatigue_rate,0.6,12,fqi_v3,0.96696178230169,3.136307996386764,0.0788
fatigue_rate,0.6,12,uniform,0.7608623205383975,3.0453399656094517,0.078
fatigue_rate,0.6,12,no_op,1.2948597335408925,3.1620681092780023,0.0778
fatigue_rate,0.6,13,bandit_v2,1.063602101774159,3.1179087392426084,0.0794
fatigue_rate,0.6,13,ppo_v3,1.2859973556467512,3.1557734931630943,0.079
fatigue_rate,0.6,13,fqi_v3,1.0384857861338483,3.144339984930493,0.082
fatigue_rate,0.6,13,uniform,0.7663553234872238,3.097723632353104,0.0768
fatigue_rate,0.6,13,no_op,1.2859973556467512,3.1557734931630943,0.079
fatigue_rate,0.6,14,bandit_v2,1.1113339592555445,3.1702109743928175,0.082
fatigue_rate,0.6,14,ppo_v3,1.2761072237745268,3.0435649267962055,0.0744
fatigue_rate,0.6,14,fqi_v3,1.000777427451765,3.145124401582516,0.08
fatigue_rate,0.6,14,uniform,0.8121498023272569,3.1176887696688937,0.081
fatigue_rate,0.6,14,no_op,1.2761072237745268,3.0435649267962055,0.0744
fatigue_rate,0.6,15,bandit_v2,1.0094250775964526,3.05401541417014,0.076
fatigue_rate,0.6,15,ppo_v3,1.3360354645211676,3.213164207368206,0.0818
fatigue_rate,0.6,15,fqi_v3,1.088643863600845,3.1851234594554247,0.0844
fatigue_rate,0.6,15,uniform,0.8073583939208695,3.0567977589312982,0.0794
fatigue_rate,0.6,15,no_op,1.3360354645211676,3.213164207368206,0.0818
fatigue_rate,0.6,16,bandit_v2,1.0543594457716876,3.118200871643752,0.0802
fatigue_rate,0.6,16,ppo_v3,1.3068904671716575,3.1596260297407346,0.0796
fatigue_rate,0.6,16,fqi_v3,0.996724347927775,3.0257691417388672,0.074
fatigue_rate,0.6,16,uniform,0.8115600086433652,3.084814627130389,0.0794
fatigue_rate,0.6,16,no_op,1.3068904671716575,3.1596260297407346,0.0796
fatigue_rate,0.6,17,bandit_v2,1.0999790851360522,3.1259210727715177,0.0782
fatigue_rate,0.6,17,ppo_v3,1.2394327944116246,3.039980984475856,0.0734
fatigue_rate,0.6,17,fqi_v3,0.8840363190295155,2.9716925542304438,0.0714
fatigue_rate,0.6,17,uniform,0.7696151172635995,3.1235195241124525,0.0788
fatigue_rate,0.6,17,no_op,1.2394327944116246,3.039980984475856,0.0734
fatigue_rate,0.6,18,bandit_v2,1.053713352728131,3.0559004608332336,0.074
fatigue_rate,0.6,18,ppo_v3,1.1783664446316775,2.9549834120403067,0.0688
fatigue_rate,0.6,18,fqi_v3,0.9342810886445626,3.0910709982497027,0.0786
fatigue_rate,0.6,18,uniform,0.7831924289538457,3.033087409110095,0.0772
fatigue_rate,0.6,18,no_op,1.1783664446316775,2.9549834120403067,0.0688
fatigue_rate,0.6,19,bandit_v2,1.0824887348021597,3.1635390079786148,0.083
fatigue_rate,0.6,19,ppo_v3,1.361148149497409,3.2554580781914013,0.0858
fatigue_rate,0.6,19,fqi_v3,0.992102603605235,3.0786350438780508,0.0772
fatigue_rate,0.6,19,uniform,0.7613393346668226,3.0602461647377073,0.079
fatigue_rate,0.6,19,no_op,1.361148149497409,3.2554580781914013,0.0858
fatigue_rate,0.6,20,bandit_v2,1.0045116268574306,3.114592775265883,0.079
fatigue_rate,0.6,20,ppo_v3,1.2186434814011158,3.0375124764631543,0.0724
fatigue_rate,0.6,20,fqi_v3,0.9488720774066671,3.166124066114947,0.0834
fatigue_rate,0.6,20,uniform,0.8003725119888543,3.071308517447656,0.0786
fatigue_rate,0.6,20,no_op,1.2186434814011158,3.0375124764631543,0.0724
fatigue_rate,0.6,21,bandit_v2,1.0650898335814745,3.2155812848470786,0.0854
fatigue_rate,0.6,21,ppo_v3,1.3496697418157089,3.2037777074506937,0.0834
fatigue_rate,0.6,21,fqi_v3,1.045170094952125,3.1188455704234133,0.0788
fatigue_rate,0.6,21,uniform,0.7868275141470636,2.9995543997864638,0.077
fatigue_rate,0.6,21,no_op,1.3496697418157089,3.2037777074506937,0.0834
fatigue_rate,0.6,22,bandit_v2,1.111821468171825,3.142649898360229,0.0804
fatigue_rate,0.6,22,ppo_v3,1.2876910815118405,3.133239119174264,0.077
fatigue_rate,0.6,22,fqi_v3,0.9275363582371893,2.994312637139032,0.0722
fatigue_rate,0.6,22,uniform,0.7550327229929673,3.0298074539598745,0.0766
fatigue_rate,0.6,22,no_op,1.2876910815118405,3.133239119174264,0.077
fatigue_rate,0.6,23,bandit_v2,1.0878436896339743,3.1330496861478365,0.0812
fatigue_rate,0.6,23,ppo_v3,1.248020483845504,3.0618450780779023,0.075
fatigue_rate,0.6,23,fqi_v3,0.9710398294366063,3.162650176365196,0.0802
fatigue_rate,0.6,23,uniform,0.8044110466819117,3.074125848029673,0.0784
fatigue_rate,0.6,23,no_op,1.248020483845504,3.0618450780779023,0.075
fatigue_rate,0.6,24,bandit_v2,1.0846829901349326,3.0505448955158525,0.0774
fatigue_rate,0.6,24,ppo_v3,1.3501581326170922,3.203891450244311,0.0816
fatigue_rate,0.6,24,fqi_v3,0.9008822748215156,3.0564666077891864,0.0748
fatigue_rate,0.6,24,uniform,0.7767588026572023,3.0913905660899994,0.0776
fatigue_rate,0.6,24,no_op,1.3501581326170922,3.203891450244311,0.0816
delayed_reward_strength,0.0,10,bandit_v2,1.5100365612636057,3.323105640273454,0.0798
delayed_reward_strength,0.0,10,ppo_v3,1.7118814530950774,3.493459297395999,0.0828
delayed_reward_strength,0.0,10,fqi_v3,1.4225506092076394,3.217520304569617,0.0784
delayed_reward_strength,0.0,10,uniform,1.3941617375400888,3.2730836582977263,0.0786
delayed_reward_strength,0.0,10,no_op,1.3099376113040386,3.1665527241720315,0.0808
delayed_reward_strength,0.0,11,bandit_v2,1.5170774846353534,3.343321109360233,0.0812
delayed_reward_strength,0.0,11,ppo_v3,1.6298958857628378,3.4495683792179777,0.0816
delayed_reward_strength,0.0,11,fqi_v3,1.396088785280458,3.2289681541014534,0.0796
delayed_reward_strength,0.0,11,uniform,1.4696812139464732,3.302203215338538,0.0818
delayed_reward_strength,0.0,11,no_op,1.2002902838840166,3.0164649573638087,0.0706
delayed_reward_strength,0.0,12,bandit_v2,1.4279026840492002,3.196745300741593,0.0732
delayed_reward_strength,0.0,12,ppo_v3,1.5717795642219663,3.3873960195821113,0.078
delayed_reward_strength,0.0,12,fqi_v3,1.4205518111134288,3.304123802042425,0.0822
delayed_reward_strength,0.0,12,uniform,1.3765023205383975,3.233979536707974,0.078
delayed_reward_strength,0.0,12,no_op,1.2948597335408925,3.1620681092780023,0.0778
delayed_reward_strength,0.0,13,bandit_v2,1.492918361293233,3.291773527006279,0.0762
delayed_reward_strength,0.0,13,ppo_v3,1.586642327787175,3.4480868065539942,0.081
delayed_reward_strength,0.0,13,fqi_v3,1.3993397580077165,3.2248387893068426,0.0796
delayed_reward_strength,0.0,13,uniform,1.393755323487224,3.25185048243627,0.0768
delayed_reward_strength,0.0,13,no_op,1.2859973556467512,3.1557734931630943,0.079
delayed_reward_strength,0.0,14,bandit_v2,1.5095224479537863,3.3984711210944436,0.0818
delayed_reward_strength,0.0,14,ppo_v3,1.6630371056448217,3.3929560675059522,0.077
delayed_reward_strength,0.0,14,fqi_v3,1.4052461077849072,3.2274469571045046,0.0798
delayed_reward_strength,0.0,14,uniform,1.424489802327257,3.294481402992064,0.081
delayed_reward_strength,0.0,14,no_op,1.2761072237745268,3.0435649267962055,0.0744
delayed_reward_strength,0.0,15,bandit_v2,1.5037835473104841,3.325874948157348,0.0816
delayed_reward_strength,0.0,15,ppo_v3,1.615739200435945,3.3274181273040377,0.0766
delayed_reward_strength,0.0,15,fqi_v3,1.3199806704802204,3.1651092534644087,0.073
delayed_reward_strength,0.0,15,uniform,1.4219383939208696,3.24471940831586,0.0794
delayed_reward_strength,0.0,15,no_op,1.3360354645211676,3.213164207368206,0.0818
delayed_reward_strength,0.0,16,bandit_v2,1.6187525550353823,3.4535481543829696,0.088
delayed_reward_strength,0.0,16,ppo_v3,1.7419272684451017,3.5207817042670406,0.0856
delayed_reward_strength,0.0,16,fqi_v3,1.3564999314699555,3.1688421801065223,0.075
delayed_reward_strength,0.0,16,uniform,1.4225600086433652,3.2938568192551902,0.0794
delayed_reward_strength,0.0,16,no_op,1.3068904671716575,3.1596260297407346,0.0796
delayed_reward_strength,0.0,17,bandit_v2,1.427420332497724,3.1884709838350838,0.071
delayed_reward_strength,0.0,17,ppo_v3,1.5896959479986774,3.28180403760393,0.0726
delayed_reward_strength,0.0,17,fqi_v3,1.3690927403006086,3.1550787501686908,0.0722
delayed_reward_strength,0.0,17,uniform,1.4208951172635995,3.272373812194008,0.0788
delayed_reward_strength,0.0,17,no_op,1.2394327944116246,3.039980984475856,0.0734
delayed_reward_strength,0.0,18,bandit_v2,1.4560986272491965,3.236839074101923,0.074
delayed_reward_strength,0.0,18,ppo_v3,1.460816764666288,3.2596886466887676,0.076
delayed_reward_strength,0.0,18,fqi_v3,1.4187713811537934,3.318025633091162,0.083
delayed_reward_strength,0.0,18,uniform,1.3929124289538457,3.2334957638876634,0.0772
delayed_reward_strength,0.0,18,no_op,1.1783664446316775,2.9549834120403067,0.0688
delayed_reward_strength,0.0,19,bandit_v2,1.6022185030645397,3.4675997264993437,0.0882
delayed_reward_strength,0.0,19,ppo_v3,1.59872804495224,3.4427785147883463,0.0798
delayed_reward_strength,0.0,19,fqi_v3,1.348474366278666,3.2047221871851717,0.0784
delayed_reward_strength,0.0,19,uniform,1.4041993346668227,3.2353253757650218,0.079
delayed_reward_strength,0.0,19,no_op,1.361148149497409,3.2554580781914013,0.0858
delayed_reward_strength,0.0,20,bandit_v2,1.4456714851937267,3.2824080992871694,0.0748
delayed_reward_strength,0.0,20,ppo_v3,1.540750831090389,3.266121582440071,0.0724
delayed_reward_strength,0.0,20,fqi_v3,1.429625244021344,3.2877217565073047,0.082
delayed_reward_strength,0.0,20,uniform,1.4204525119888542,3.2839638728537834,0.0786
delayed_reward_strength,0.0,20,no_op,1.2186434814011158,3.0375124764631543,0.0724
delayed_reward_strength,0.0,21,bandit_v2,1.4531641428448863,3.2654703682545088,0.0772
delayed_reward_strength,0.0,21,ppo_v3,1.2782784769892466,3.1349339067282167,0.074
delayed_reward_strength,0.0,21,fqi_v3,1.3424403950662633,3.185402838865779,0.0768
delayed_reward_strength,0.0,21,uniform,1.3947475141470638,3.203559192369311,0.077
delayed_reward_strength,0.0,21,no_op,1.3496697418157089,3.2037777074506937,0.0834
delayed_reward_strength,0.0,22,bandit_v2,1.5470385049939974,3.356240920403333,0.0832
delayed_reward_strength,0.0,22,ppo_v3,1.5680305978960989,3.396307520391738,0.079
delayed_reward_strength,0.0,22,fqi_v3,1.2863801111899125,3.1094283562714646,0.07
delayed_reward_strength,0.0,22,uniform,1.3809327229929673,3.2256098624988523,0.0766
delayed_reward_strength,0.0,22,no_op,1.2876910815118405,3.133239119174264,0.077
delayed_reward_strength,0.0,23,bandit_v2,1.452436924471586,3.2614705963048976,0.0776
delayed_reward_strength,0.0,23,ppo_v3,1.6466514864797863,3.5080450941385615,0.087
delayed_reward_strength,0.0,23,fqi_v3,1.3513669815512115,3.209366355356295,0.0764
delayed_reward_strength,0.0,23,uniform,1.4422110466819116,3.2816433676160583,0.0784
delayed_reward_strength,0.0,23,no_op,1.248020483845504,3.0618450780779023,0.075
delayed_reward_strength,0.0,24,bandit_v2,1.4493220370691209,3.238221143268627,0.0764
delayed_reward_strength,0.0,24,ppo_v3,1.6859520029571247,3.3731280718113608,0.0806
delayed_reward_strength,0.0,24,fqi_v3,1.3663150600835794,3.2085525907095254,0.079
delayed_reward_strength,0.0,24,uniform,1.4322788026572024,3.305852836040442,0.0776
delayed_reward_strength,0.0,24,no_op,1.3501581326170922,3.203891450244311,0.0816
delayed_reward_strength,0.25,10,bandit_v2,1.9462105071259495,3.9264967578030787,0.1254
delayed_reward_strength,0.25,10,ppo_v3,2.4366751677220533,4.540096150415772,0.1708
delayed_reward_strength,0.25,10,fqi_v3,1.6923077983585,3.7015611123541827,0.1144
delayed_reward_strength,0.25,10,uniform,1.7900384987830662,3.8863006719431836,0.1226
delayed_reward_strength,0.25,10,no_op,1.3099376113040386,3.1665527241720315,0.0808
delayed_reward_strength,0.25,11,bandit_v2,1.857785900904023,3.8679750857147672,0.1196
delayed_reward_strength,0.25,11,ppo_v3,2.3690705355278006,4.434764368324511,0.1646
delayed_reward_strength,0.25,11,fqi_v3,1.738109474405666,3.756984117490104,0.117
delayed_reward_strength,0.25,11,uniform,1.862134013095614,3.882540141914581,0.1256
delayed_reward_strength,0.25,11,no_op,1.2002902838840166,3.0164649573638087,0.0706
delayed_reward_strength,0.25,12,bandit_v2,1.8510568942880432,3.876800974142524,0.1182
delayed_reward_strength,0.25,12,ppo_v3,2.347700938934215,4.431236138617002,0.1646
delayed_reward_strength,0.25,12,fqi_v3,1.7268870691304001,3.832386731896768,0.122
delayed_reward_strength,0.25,12,uniform,1.7231030297855483,3.7583933956825613,0.1168
delayed_reward_strength,0.25,12,no_op,1.2948597335408925,3.1620681092780023,0.0778
delayed_reward_strength,0.25,13,bandit_v2,1.7767671178884281,3.7625181931210925,0.108
delayed_reward_strength,0.25,13,ppo_v3,2.2120182497036103,4.283054115056289,0.1596
delayed_reward_strength,0.25,13,fqi_v3,1.7984688284111228,3.8326977207993616,0.123
delayed_reward_strength,0.25,13,uniform,1.7174629722895443,3.7631166955688893,0.113
delayed_reward_strength,0.25,13,no_op,1.2859973556467512,3.1557734931630943,0.079
delayed_reward_strength,0.25,14,bandit_v2,1.8441013664425543,3.874840245408175,0.1164
delayed_reward_strength,0.25,14,ppo_v3,2.3802235213409966,4.481728250830374,0.1638
delayed_reward_strength,0.25,14,fqi_v3,1.826673521463146,3.8449496092413273,0.124
delayed_reward_strength,0.25,14,uniform,1.7691824164534167,3.835525317307927,0.1194
delayed_reward_strength,0.25,14,no_op,1.2761072237745268,3.0435649267962055,0.0744
delayed_reward_strength,0.25,15,bandit_v2,1.8534704959069552,3.8528193959463177,0.1196
delayed_reward_strength,0.25,15,ppo_v3,2.3091260328018763,4.407732327960047,0.1604
delayed_reward_strength,0.25,15,fqi_v3,1.7450809155597358,3.7899222136096316,0.1162
delayed_reward_strength,0.25,15,uniform,1.7675264528564487,3.7694296666326332,0.118
delayed_reward_strength,0.25,15,no_op,1.3360354645211676,3.213164207368206,0.0818
delayed_reward_strength,0.25,16,bandit_v2,1.9934344928914183,3.9905136614657684,0.1294
delayed_reward_strength,0.25,16,ppo_v3,2.4350711197494492,4.538758168694764,0.171
delayed_reward_strength,0.25,16,fqi_v3,1.7582646764325804,3.820232501728876,0.1184
delayed_reward_strength,0.25,16,uniform,1.8010396049145512,3.8743488103768784,0.1216
delayed_reward_strength,0.25,16,no_op,1.3068904671716575,3.1596260297407346,0.0796
delayed_reward_strength,0.25,17,bandit_v2,1.8318488081328455,3.821408138541258,0.1154
delayed_reward_strength,0.25,17,ppo_v3,2.2634879655714606,4.361415455739703,0.1564
delayed_reward_strength,0.25,17,fqi_v3,1.7279849674709622,3.7498766187277703,0.1178
delayed_reward_strength,0.25,17,uniform,1.7942929948873836,3.817928997185274,0.1208
delayed_reward_strength,0.25,17,no_op,1.2394327944116246,3.039980984475856,0.0734
delayed_reward_strength,0.25,18,bandit_v2,1.7246332505647988,3.6300664060181376,0.1028
delayed_reward_strength,0.25,18,ppo_v3,2.3634759110475665,4.464338990450612,0.1672
delayed_reward_strength,0.25,18,fqi_v3,1.6286497353464602,3.6652943296605023,0.1066
delayed_reward_strength,0.25,18,uniform,1.740760147957521,3.798571334348374,0.1158
delayed_reward_strength,0.25,18,no_op,1.1783664446316775,2.9549834120403067,0.0688
delayed_reward_strength,0.25,19,bandit_v2,1.9117252931023039,3.92421992046049,0.1254
delayed_reward_strength,0.25,19,ppo_v3,2.3503414878010194,4.494697215160759,0.1654
delayed_reward_strength,0.25,19,fqi_v3,1.6270969880826915,3.6395755809123913,0.1096
delayed_reward_strength,0.25,19,uniform,1.728257622197823,3.7555266203836792,0.1152
delayed_reward_strength,0.25,19,no_op,1.361148149497409,3.2554580781914013,0.0858
delayed_reward_strength,0.25,20,bandit_v2,1.8341009632499896,3.876936495463121,0.1164
delayed_reward_strength,0.25,20,ppo_v3,2.20149885210143,4.316765045601637,0.1514
delayed_reward_strength,0.25,20,fqi_v3,1.7546239026044779,3.853687423223383,0.1214
delayed_reward_strength,0.25,20,uniform,1.7749856268012412,3.8177751939829405,0.118
delayed_reward_strength,0.25,20,no_op,1.2186434814011158,3.0375124764631543,0.0724
delayed_reward_strength,0.25,21,bandit_v2,1.7208757191571444,3.696427982713077,0.1066
delayed_reward_strength,0.25,21,ppo_v3,2.176391528866892,4.276256816233171,0.1492
delayed_reward_strength,0.25,21,fqi_v3,1.7067100797220192,3.7411634539793486,0.1158
delayed_reward_strength,0.25,21,uniform,1.7827084698752809,3.797256527938507,0.12
delayed_reward_strength,0.25,21,no_op,1.3496697418157089,3.2037777074506937,0.0834
delayed_reward_strength,0.25,22,bandit_v2,1.826185008968299,3.796509655734669,0.1144
delayed_reward_strength,0.25,22,ppo_v3,2.2798532902183113,4.385629464975444,0.1592
delayed_reward_strength,0.25,22,fqi_v3,1.6821128967750647,3.7136274174534023,0.1142
delayed_reward_strength,0.25,22,uniform,1.7352219169975942,3.781483239049149,0.116
delayed_reward_strength,0.25,22,no_op,1.2876910815118405,3.133239119174264,0.077
delayed_reward_strength,0.25,23,bandit_v2,1.7714866311858082,3.718182317433164,0.109
delayed_reward_strength,0.25,23,ppo_v3,2.0094304568717885,4.230691207208003,0.1684
delayed_reward_strength,0.25,23,fqi_v3,1.6470833269988923,3.662982790904177,0.109
delayed_reward_strength,0.25,23,uniform,1.8352682899341177,3.897963465541886,0.1222
delayed_reward_strength,0.25,23,no_op,1.248020483845504,3.0618450780779023,0.075
delayed_reward_strength,0.25,24,bandit_v2,1.8186167180023793,3.8199830586357373,0.1178
delayed_reward_strength,0.25,24,ppo_v3,2.38952647437041,4.455171481077085,0.1654
delayed_reward_strength,0.25,24,fqi_v3,1.7055876775943994,3.750372598735281,0.1166
delayed_reward_strength,0.25,24,uniform,1.7919119146745777,3.8600480768525203,0.1178
delayed_reward_strength,0.25,24,no_op,1.3501581326170922,3.203891450244311,0.0816
delayed_reward_strength,0.5,10,bandit_v2,2.0571410975335773,4.09745418131701,0.14
delayed_reward_strength,0.5,10,ppo_v3,2.4452448853646014,4.546120892869347,0.1718
delayed_reward_strength,0.5,10,fqi_v3,1.9549926378184463,4.031365711488432,0.1416
delayed_reward_strength,0.5,10,uniform,1.9589246463429875,4.102256317134867,0.1414
delayed_reward_strength,0.5,10,no_op,1.3099376113040386,3.1665527241720315,0.0808
delayed_reward_strength,0.5,11,bandit_v2,1.9870447042656647,4.005231696843248,0.1342
delayed_reward_strength,0.5,11,ppo_v3,2.3724330674651224,4.436059188133487,0.165
delayed_reward_strength,0.5,11,fqi_v3,1.9812156565787329,4.052177303370394,0.1432
delayed_reward_strength,0.5,11,uniform,2.0215319316760523,4.0776888431184295,0.1436
delayed_reward_strength,0.5,11,no_op,1.2002902838840166,3.0164649573638087,0.0706
delayed_reward_strength,0.5,12,bandit_v2,2.0267114673927002,4.0891032747559874,0.1374
delayed_reward_strength,0.5,12,ppo_v3,2.354492627300386,4.435736924188034,0.1654
delayed_reward_strength,0.5,12,fqi_v3,1.885976465648119,4.051548467825523,0.1404
delayed_reward_strength,0.5,12,uniform,1.8810065944568064,3.97044282868111,0.1346
delayed_reward_strength,0.5,12,no_op,1.2948597335408925,3.1620681092780023,0.0778
delayed_reward_strength,0.5,13,bandit_v2,1.9254815639654785,3.9629010192046863,0.125
delayed_reward_strength,0.5,13,ppo_v3,2.2621887697125382,4.350708301868814,0.1602
delayed_reward_strength,0.5,13,fqi_v3,1.920217553908814,4.022393565069786,0.1388
delayed_reward_strength,0.5,13,uniform,1.860789470307207,3.951879748474412,0.1292
delayed_reward_strength,0.5,13,no_op,1.2859973556467512,3.1557734931630943,0.079
delayed_reward_strength,0.5,14,bandit_v2,2.0027752205090077,4.054898794564123,0.133
delayed_reward_strength,0.5,14,ppo_v3,2.393865452556989,4.4923738187439,0.1654
delayed_reward_strength,0.5,14,fqi_v3,1.9712670647558437,4.037863246565878,0.1406
delayed_reward_strength,0.5,14,uniform,1.9189683493659944,4.021048530738132,0.1364
delayed_reward_strength,0.5,14,no_op,1.2761072237745268,3.0435649267962055,0.0744
delayed_reward_strength,0.5,15,bandit_v2,2.036404515382183,4.098337489241353,0.1406
delayed_reward_strength,0.5,15,ppo_v3,2.3091260328018763,4.407732327960047,0.1604
delayed_reward_strength,0.5,15,fqi_v3,1.910621824777446,4.013336395279891,0.1358
delayed_reward_strength,0.5,15,uniform,1.9012328963054392,3.948376953617221,0.133
delayed_reward_strength,0.5,15,no_op,1.3360354645211676,3.213164207368206,0.0818
delayed_reward_strength,0.5,16,bandit_v2,2.167672187110568,4.204992638992423,0.1486
delayed_reward_strength,0.5,16,ppo_v3,2.4368281510512144,4.540901415519112,0.1712
delayed_reward_strength,0.5,16,fqi_v3,1.9749835871138315,4.034072082809444,0.1416
delayed_reward_strength,0.5,16,uniform,1.9297121832234911,4.038730005377605,0.136
delayed_reward_strength,0.5,16,no_op,1.3068904671716575,3.1596260297407346,0.0796
delayed_reward_strength,0.5,17,bandit_v2,1.9787077590197535,4.047684298985591,0.134
delayed_reward_strength,0.5,17,ppo_v3,2.2703918974106188,4.366043541192204,0.1572
delayed_reward_strength,0.5,17,fqi_v3,1.7875379529724054,3.8507802891422585,0.1256
delayed_reward_strength,0.5,17,uniform,1.9519926916430297,4.027346473874285,0.1384
delayed_reward_strength,0.5,17,no_op,1.2394327944116246,3.039980984475856,0.0734
delayed_reward_strength,0.5,18,bandit_v2,1.8387068614005497,3.8243813586213418,0.118
delayed_reward_strength,0.5,18,ppo_v3,2.366743605067294,4.467409279731024,0.1676
delayed_reward_strength,0.5,18,fqi_v3,1.899708752246673,4.009010533786065,0.1332
delayed_reward_strength,0.5,18,uniform,1.8919233768195318,3.9870323615339185,0.1326
delayed_reward_strength,0.5,18,no_op,1.1783664446316775,2.9549834120403067,0.0688
delayed_reward_strength,0.5,19,bandit_v2,2.0880047328473434,4.125456829889228,0.1438
delayed_reward_strength,0.5,19,ppo_v3,2.3503414878010194,4.494697215160759,0.1654
delayed_reward_strength,0.5,19,fqi_v3,1.868493168336487,3.9834066245957818,0.1352
delayed_reward_strength,0.5,19,uniform,1.894524021117403,3.9714813973395175,0.134
delayed_reward_strength,0.5,19,no_op,1.361148149497409,3.2554580781914013,0.0858
delayed_reward_strength,0.5,20,bandit_v2,1.9761092348654339,4.067883171338028,0.1334
delayed_reward_strength,0.5,20,ppo_v3,2.210554989948661,4.322843202451399,0.1524
delayed_reward_strength,0.5,20,fqi_v3,1.913439703447793,4.041787413401135,0.14
delayed_reward_strength,0.5,20,uniform,1.9329805816212446,4.015759968257744,0.1358
delayed_reward_strength,0.5,20,no_op,1.2186434814011158,3.0375124764631543,0.0724
delayed_reward_strength,0.5,21,bandit_v2,1.9365611424360627,3.9618034755792553,0.131
delayed_reward_strength,0.5,21,ppo_v3,1.8191310124449027,4.030683004233902,0.1498
delayed_reward_strength,0.5,21,fqi_v3,1.8396051806903368,3.9268676142438537,0.132
delayed_reward_strength,0.5,21,uniform,1.9163673100466174,3.9704855112063835,0.1348
delayed_reward_strength,0.5,21,no_op,1.3496697418157089,3.2037777074506937,0.0834
delayed_reward_strength,0.5,22,bandit_v2,1.9658193783541356,3.9835059239658808,0.13
delayed_reward_strength,0.5,22,ppo_v3,2.285000915101969,4.390107087068089,0.1598
delayed_reward_strength,0.5,22,fqi_v3,1.874552670016311,3.991682596671272,0.134
delayed_reward_strength,0.5,22,uniform,1.9087970128155085,3.9975239989443225,0.1354
delayed_reward_strength,0.5,22,no_op,1.2876910815118405,3.133239119174264,0.077
delayed_reward_strength,0.5,23,bandit_v2,1.9056970563553948,3.9064235200717317,0.1254
delayed_reward_strength,0.5,23,ppo_v3,2.2576170626064656,4.323778293071308,0.169
delayed_reward_strength,0.5,23,fqi_v3,1.890466153306104,4.007769028518561,0.1362
delayed_reward_strength,0.5,23,uniform,1.9696481151176448,4.070969698234053,0.1374
delayed_reward_strength,0.5,23,no_op,1.248020483845504,3.0618450780779023,0.075
delayed_reward_strength,0.5,24,bandit_v2,2.0173527458158205,4.055695237644149,0.1394
delayed_reward_strength,0.5,24,ppo_v3,2.3912985586311972,4.457327163923654,0.1656
delayed_reward_strength,0.5,24,fqi_v3,1.8666215817718164,3.956564326035419,0.1352
delayed_reward_strength,0.5,24,uniform,1.9710237952458298,4.090456171987006,0.138
delayed_reward_strength,0.5,24,no_op,1.3501581326170922,3.203891450244311,0.0816
delayed_reward_strength,1.0,10,bandit_v2,2.1465436435848164,4.191279272195328,0.1486
delayed_reward_strength,1.0,10,ppo_v3,2.444418885364601,4.5453331087440265,0.1718
delayed_reward_strength,1.0,10,fqi_v3,2.0603048896917695,4.155371410262708,0.153
delayed_reward_strength,1.0,10,uniform,2.010450157097646,4.152970984957146,0.1474
delayed_reward_strength,1.0,10,no_op,1.3099376113040386,3.1665527241720315,0.0808
delayed_reward_strength,1.0,11,bandit_v2,2.072991354743456,4.103605146357483,0.1424
delayed_reward_strength,1.0,11,ppo_v3,2.402087476706079,4.446820130282588,0.168
delayed_reward_strength,1.0,11,fqi_v3,2.031276616019825,4.120383636101567,0.1492
delayed_reward_strength,1.0,11,uniform,2.0880543669883904,4.154430607035944,0.1512
delayed_reward_strength,1.0,11,no_op,1.2002902838840166,3.0164649573638087,0.0706
delayed_reward_strength,1.0,12,bandit_v2,2.0892894308349352,4.146073536965729,0.1446
delayed_reward_strength,1.0,12,ppo_v3,2.354492627300386,4.435736924188034,0.1654
delayed_reward_strength,1.0,12,fqi_v3,1.9567209013854254,4.110015045446478,0.1458
delayed_reward_strength,1.0,12,uniform,1.9260585166157624,4.0237217370661265,0.1398
delayed_reward_strength,1.0,12,no_op,1.2948597335408925,3.1620681092780023,0.0778
delayed_reward_strength,1.0,13,bandit_v2,2.003258794052068,4.047812808961061,0.1332
delayed_reward_strength,1.0,13,ppo_v3,2.0796629590608875,4.23071769603906,0.1602
delayed_reward_strength,1.0,13,fqi_v3,1.979934271518841,4.081613959882585,0.1454
delayed_reward_strength,1.0,13,uniform,1.9112144332900018,4.002156956957071,0.135
delayed_reward_strength,1.0,13,no_op,1.2859973556467512,3.1557734931630943,0.079
delayed_reward_strength,1.0,14,bandit_v2,2.0709133441052705,4.148180365022971,0.1418
delayed_reward_strength,1.0,14,ppo_v3,2.393865452556989,4.4923738187439,0.1654
delayed_reward_strength,1.0,14,fqi_v3,2.057448856824821,4.130451042454997,0.151
delayed_reward_strength,1.0,14,uniform,1.974931266245621,4.088993710923834,0.1428
delayed_reward_strength,1.0,14,no_op,1.2761072237745268,3.0435649267962055,0.0744
delayed_reward_strength,1.0,15,bandit_v2,2.1114487551521304,4.193562474565431,0.1508
delayed_reward_strength,1.0,15,ppo_v3,2.2598580328018762,4.31077732277348,0.1604
delayed_reward_strength,1.0,15,fqi_v3,2.004722519821005,4.103915111923198,0.1458
delayed_reward_strength,1.0,15,uniform,1.9613113995832936,4.02899463596053,0.1398
delayed_reward_strength,1.0,15,no_op,1.3360354645211676,3.213164207368206,0.0818
delayed_reward_strength,1.0,16,bandit_v2,2.2162000588845987,4.260745362723371,0.1532
delayed_reward_strength,1.0,16,ppo_v3,2.4567061510512143,4.534716452180452,0.1712
delayed_reward_strength,1.0,16,fqi_v3,2.0901078224564884,4.149869503744776,0.151
delayed_reward_strength,1.0,16,uniform,1.9805884509034661,4.093398540968301,0.1418
delayed_reward_strength,1.0,16,no_op,1.3068904671716575,3.1596260297407346,0.0796
delayed_reward_strength,1.0,17,bandit_v2,2.0221803003602465,4.092592051383533,0.1384
delayed_reward_strength,1.0,17,ppo_v3,2.270401897410619,4.366060076652899,0.1572
delayed_reward_strength,1.0,17,fqi_v3,1.8452505868468518,3.9137777197841745,0.1316
delayed_reward_strength,1.0,17,uniform,1.9974365694935556,4.081231826931774,0.1436
delayed_reward_strength,1.0,17,no_op,1.2394327944116246,3.039980984475856,0.0734
delayed_reward_strength,1.0,18,bandit_v2,1.8901546941920988,3.8976541111249343,0.1238
delayed_reward_strength,1.0,18,ppo_v3,2.3693156050672934,4.4661233658738615,0.1676
delayed_reward_strength,1.0,18,fqi_v3,1.9917123585196412,4.1116940526787245,0.1434
delayed_reward_strength,1.0,18,uniform,1.9494208677085885,4.05613557971662,0.1392
delayed_reward_strength,1.0,18,no_op,1.1783664446316775,2.9549834120403067,0.0688
delayed_reward_strength,1.0,19,bandit_v2,2.1075605524145744,4.165118584296025,0.1472
delayed_reward_strength,1.0,19,ppo_v3,2.3503414878010194,4.494697215160759,0.1654
delayed_reward_strength,1.0,19,fqi_v3,1.9164004829800827,4.041379410181144,0.1414
delayed_reward_strength,1.0,19,uniform,1.9473866734146161,4.033019734023855,0.14
delayed_reward_strength,1.0,19,no_op,1.361148149497409,3.2554580781914013,0.0858
delayed_reward_strength,1.0,20,bandit_v2,2.0105658663538613,4.1200921919031535,0.1382
delayed_reward_strength,1.0,20,ppo_v3,2.2100309899486614,4.323641603132693,0.1524
delayed_reward_strength,1.0,20,fqi_v3,1.9849670077596488,4.128748406569544,0.1478
delayed_reward_strength,1.0,20,uniform,1.9695349493812317,4.0543672563860005,0.14
delayed_reward_strength,1.0,20,no_op,1.2186434814011158,3.0375124764631543,0.0724
delayed_reward_strength,1.0,21,bandit_v2,1.9679866301528175,3.994099630810492,0.1344
delayed_reward_strength,1.0,21,ppo_v3,2.0602590124449027,4.250834869447496,0.1498
delayed_reward_strength,1.0,21,fqi_v3,1.9177244709906394,4.012432325705643,0.1404
delayed_reward_strength,1.0,21,uniform,1.9704146379930454,4.031290479597047,0.141
delayed_reward_strength,1.0,21,no_op,1.3496697418157089,3.2037777074506937,0.0834
delayed_reward_strength,1.0,22,bandit_v2,2.009338411962079,4.050384165812643,0.135
delayed_reward_strength,1.0,22,ppo_v3,2.284768915101969,4.390091541391994,0.1598
delayed_reward_strength,1.0,22,fqi_v3,1.9464085725087574,4.063435277530276,0.1422
delayed_reward_strength,1.0,22,uniform,1.9534317948406945,4.052687147637436,0.1404
delayed_reward_strength,1.0,22,no_op,1.2876910815118405,3.133239119174264,0.077
delayed_reward_strength,1.0,23,bandit_v2,1.9696396788908452,3.978854208629811,0.1316
delayed_reward_strength,1.0,23,ppo_v3,2.0146470626064654,4.234063211166427,0.169
delayed_reward_strength,1.0,23,fqi_v3,1.955807512564758,4.084152279748693,0.1436
delayed_reward_strength,1.0,23,uniform,2.0235381344779353,4.13192550014058,0.1436
delayed_reward_strength,1.0,23,no_op,1.248020483845504,3.0618450780779023,0.075
delayed_reward_strength,1.0,24,bandit_v2,2.0723094835727935,4.115438165250984,0.1456
delayed_reward_strength,1.0,24,ppo_v3,2.3912985586311972,4.457327163923654,0.1656
delayed_reward_strength,1.0,24,fqi_v3,1.9540116461725368,4.057055646381824,0.1452
delayed_reward_strength,1.0,24,uniform,2.0092454026592472,4.135706879584666,0.1424
delayed_reward_strength,1.0,24,no_op,1.3501581326170922,3.203891450244311,0.0816
delayed_reward_strength,2.0,10,bandit_v2,2.1465436435848164,4.191279272195328,0.1486
delayed_reward_strength,2.0,10,ppo_v3,2.444418885364601,4.5453331087440265,0.1718
delayed_reward_strength,2.0,10,fqi_v3,2.063985584904202,4.160218663269461,0.1534
delayed_reward_strength,2.0,10,uniform,2.010450157097646,4.152970984957146,0.1474
delayed_reward_strength,2.0,10,no_op,1.3099376113040386,3.1665527241720315,0.0808
delayed_reward_strength,2.0,11,bandit_v2,2.072991354743456,4.103605146357483,0.1424
delayed_reward_strength,2.0,11,ppo_v3,2.402087476706079,4.446820130282588,0.168
delayed_reward_strength,2.0,11,fqi_v3,2.0348734510929636,4.1250925364954005,0.1496
delayed_reward_strength,2.0,11,uniform,2.089787961456999,4.155947502923021,0.1514
delayed_reward_strength,2.0,11,no_op,1.2002902838840166,3.0164649573638087,0.0706
delayed_reward_strength,2.0,12,bandit_v2,2.0739544185395884,4.130344407533542,0.1442
delayed_reward_strength,2.0,12,ppo_v3,2.354492627300386,4.435736924188034,0.1654
delayed_reward_strength,2.0,12,fqi_v3,1.9584458149702193,4.113871764488305,0.146
delayed_reward_strength,2.0,12,uniform,1.9260585166157624,4.0237217370661265,0.1398
delayed_reward_strength,2.0,12,no_op,1.2948597335408925,3.1620681092780023,0.0778
delayed_reward_strength,2.0,13,bandit_v2,2.003258794052068,4.047812808961061,0.1332
delayed_reward_strength,2.0,13,ppo_v3,2.0796629590608875,4.23071769603906,0.1602
delayed_reward_strength,2.0,13,fqi_v3,1.981596960551741,4.083388374729949,0.1456
delayed_reward_strength,2.0,13,uniform,1.9112144332900018,4.002156956957071,0.135
delayed_reward_strength,2.0,13,no_op,1.2859973556467512,3.1557734931630943,0.079
delayed_reward_strength,2.0,14,bandit_v2,2.0709133441052705,4.148180365022971,0.1418
delayed_reward_strength,2.0,14,ppo_v3,2.393865452556989,4.4923738187439,0.1654
delayed_reward_strength,2.0,14,fqi_v3,2.057448856824821,4.130451042454997,0.151
delayed_reward_strength,2.0,14,uniform,1.974931266245621,4.088993710923834,0.1428
delayed_reward_strength,2.0,14,no_op,1.2761072237745268,3.0435649267962055,0.0744
delayed_reward_strength,2.0,15,bandit_v2,2.1114487551521304,4.193562474565431,0.1508
delayed_reward_strength,2.0,15,ppo_v3,2.2598580328018762,4.31077732277348,0.1604
delayed_reward_strength,2.0,15,fqi_v3,2.008265242339287,4.111511413666531,0.1462
delayed_reward_strength,2.0,15,uniform,1.9631628773277767,4.033274489056621,0.14
delayed_reward_strength,2.0,15,no_op,1.3360354645211676,3.213164207368206,0.0818
delayed_reward_strength,2.0,16,bandit_v2,2.2162000588845987,4.260745362723371,0.1532
delayed_reward_strength,2.0,16,ppo_v3,2.4567061510512143,4.534716452180452,0.1712
delayed_reward_strength,2.0,16,fqi_v3,2.0901078224564884,4.149869503744776,0.151
delayed_reward_strength,2.0,16,uniform,1.9805884509034661,4.093398540968301,0.1418
delayed_reward_strength,2.0,16,no_op,1.3068904671716575,3.1596260297407346,0.0796
delayed_reward_strength,2.0,17,bandit_v2,2.0221803003602465,4.092592051383533,0.1384
delayed_reward_strength,2.0,17,ppo_v3,2.270401897410619,4.366060076652899,0.1572
delayed_reward_strength,2.0,17,fqi_v3,1.8852878541914564,3.9745716083296356,0.1362
delayed_reward_strength,2.0,17,uniform,1.9974365694935556,4.081231826931774,0.1436
delayed_reward_strength,2.0,17,no_op,1.2394327944116246,3.039980984475856,0.0734
delayed_reward_strength,2.0,18,bandit_v2,1.8901546941920988,3.8976541111249343,0.1238
delayed_reward_strength,2.0,18,ppo_v3,2.3693156050672934,4.4661233658738615,0.1676
delayed_reward_strength,2.0,18,fqi_v3,1.9952274118679805,4.11725790891184,0.1438
delayed_reward_strength,2.0,18,uniform,1.9511931789150818,4.058219898185076,0.1394
delayed_reward_strength,2.0,18,no_op,1.1783664446316775,2.9549834120403067,0.0688
delayed_reward_strength,2.0,19,bandit_v2,2.1075605524145744,4.165118584296025,0.1472
delayed_reward_strength,2.0,19,ppo_v3,2.3503414878010194,4.494697215160759,0.1654
delayed_reward_strength,2.0,19,fqi_v3,1.9181776711018832,4.043470588341836,0.1416
delayed_reward_strength,2.0,19,uniform,1.9473866734146161,4.033019734023855,0.14
delayed_reward_strength,2.0,19,no_op,1.361148149497409,3.2554580781914013,0.0858
delayed_reward_strength,2.0,20,bandit_v2,2.012321206094159,4.122821456475761,0.1384
delayed_reward_strength,2.0,20,ppo_v3,2.2100309899486614,4.323641603132693,0.1524
delayed_reward_strength,2.0,20,fqi_v3,1.9884712803745632,4.1311959051248754,0.1482
delayed_reward_strength,2.0,20,uniform,1.9695349493812317,4.0543672563860005,0.14
delayed_reward_strength,2.0,20,no_op,1.2186434814011158,3.0375124764631543,0.0724
delayed_reward_strength,2.0,21,bandit_v2,1.971298318730692,3.997896644778405,0.1348
delayed_reward_strength,2.0,21,ppo_v3,2.0602590124449027,4.250834869447496,0.1498
delayed_reward_strength,2.0,21,fqi_v3,1.9195684479183812,4.015915615482495,0.1406
delayed_reward_strength,2.0,21,uniform,1.9704146379930454,4.031290479597047,0.141
delayed_reward_strength,2.0,21,no_op,1.3496697418157089,3.2037777074506937,0.0834
delayed_reward_strength,2.0,22,bandit_v2,2.0113062913933297,4.05354614513396,0.1352
delayed_reward_strength,2.0,22,ppo_v3,2.284768915101969,4.390091541391994,0.1598
delayed_reward_strength,2.0,22,fqi_v3,1.9500416198020225,4.066390451616013,0.1426
delayed_reward_strength,2.0,22,uniform,1.9551965597864815,4.0554160350074655,0.1406
delayed_reward_strength,2.0,22,no_op,1.2876910815118405,3.133239119174264,0.077
delayed_reward_strength,2.0,23,bandit_v2,1.9730337708210128,3.9837289444927735,0.132
delayed_reward_strength,2.0,23,ppo_v3,2.0850510626064653,4.250830574109843,0.169
delayed_reward_strength,2.0,23,fqi_v3,1.9575193591232063,4.087640001409883,0.1438
delayed_reward_strength,2.0,23,uniform,2.0253257834883804,4.133870028389347,0.1438
delayed_reward_strength,2.0,23,no_op,1.248020483845504,3.0618450780779023,0.075
delayed_reward_strength,2.0,24,bandit_v2,2.0723094835727935,4.115438165250984,0.1456
delayed_reward_strength,2.0,24,ppo_v3,2.3912985586311972,4.457327163923654,0.1656
delayed_reward_strength,2.0,24,fqi_v3,1.9540116461725368,4.057055646381824,0.1452
delayed_reward_strength,2.0,24,uniform,2.0092454026592472,4.135706879584666,0.1424
delayed_reward_strength,2.0,24,no_op,1.3501581326170922,3.203891450244311,0.0816
transition_coupling_strength,0.0,10,bandit_v2,1.5100365612636057,3.323105640273454,0.0798
transition_coupling_strength,0.0,10,ppo_v3,1.7118814530950774,3.493459297395999,0.0828
transition_coupling_strength,0.0,10,fqi_v3,1.4225506092076394,3.217520304569617,0.0784
transition_coupling_strength,0.0,10,uniform,1.3941617375400888,3.2730836582977263,0.0786
transition_coupling_strength,0.0,10,no_op,1.3099376113040386,3.1665527241720315,0.0808
transition_coupling_strength,0.0,11,bandit_v2,1.5170774846353534,3.343321109360233,0.0812
transition_coupling_strength,0.0,11,ppo_v3,1.6298958857628378,3.4495683792179777,0.0816
transition_coupling_strength,0.0,11,fqi_v3,1.396088785280458,3.2289681541014534,0.0796
transition_coupling_strength,0.0,11,uniform,1.4696812139464732,3.302203215338538,0.0818
transition_coupling_strength,0.0,11,no_op,1.2002902838840166,3.0164649573638087,0.0706
transition_coupling_strength,0.0,12,bandit_v2,1.4279026840492002,3.196745300741593,0.0732
transition_coupling_strength,0.0,12,ppo_v3,1.5717795642219663,3.3873960195821113,0.078
transition_coupling_strength,0.0,12,fqi_v3,1.4205518111134288,3.304123802042425,0.0822
transition_coupling_strength,0.0,12,uniform,1.3765023205383975,3.233979536707974,0.078
transition_coupling_strength,0.0,12,no_op,1.2948597335408925,3.1620681092780023,0.0778
transition_coupling_strength,0.0,13,bandit_v2,1.492918361293233,3.291773527006279,0.0762
transition_coupling_strength,0.0,13,ppo_v3,1.586642327787175,3.4480868065539942,0.081
transition_coupling_strength,0.0,13,fqi_v3,1.3993397580077165,3.2248387893068426,0.0796
transition_coupling_strength,0.0,13,uniform,1.393755323487224,3.25185048243627,0.0768
transition_coupling_strength,0.0,13,no_op,1.2859973556467512,3.1557734931630943,0.079
transition_coupling_strength,0.0,14,bandit_v2,1.5095224479537863,3.3984711210944436,0.0818
transition_coupling_strength,0.0,14,ppo_v3,1.6630371056448217,3.3929560675059522,0.077
transition_coupling_strength,0.0,14,fqi_v3,1.4052461077849072,3.2274469571045046,0.0798
transition_coupling_strength,0.0,14,uniform,1.424489802327257,3.294481402992064,0.081
transition_coupling_strength,0.0,14,no_op,1.2761072237745268,3.0435649267962055,0.0744
transition_coupling_strength,0.0,15,bandit_v2,1.5037835473104841,3.325874948157348,0.0816
transition_coupling_strength,0.0,15,ppo_v3,1.615739200435945,3.3274181273040377,0.0766
transition_coupling_strength,0.0,15,fqi_v3,1.3199806704802204,3.1651092534644087,0.073
transition_coupling_strength,0.0,15,uniform,1.4219383939208696,3.24471940831586,0.0794
transition_coupling_strength,0.0,15,no_op,1.3360354645211676,3.213164207368206,0.0818
transition_coupling_strength,0.0,16,bandit_v2,1.6187525550353823,3.4535481543829696,0.088
transition_coupling_strength,0.0,16,ppo_v3,1.7419272684451017,3.5207817042670406,0.0856
transition_coupling_strength,0.0,16,fqi_v3,1.3564999314699555,3.1688421801065223,0.075
transition_coupling_strength,0.0,16,uniform,1.4225600086433652,3.2938568192551902,0.0794
transition_coupling_strength,0.0,16,no_op,1.3068904671716575,3.1596260297407346,0.0796
transition_coupling_strength,0.0,17,bandit_v2,1.427420332497724,3.1884709838350838,0.071
transition_coupling_strength,0.0,17,ppo_v3,1.5896959479986774,3.28180403760393,0.0726
transition_coupling_strength,0.0,17,fqi_v3,1.3690927403006086,3.1550787501686908,0.0722
transition_coupling_strength,0.0,17,uniform,1.4208951172635995,3.272373812194008,0.0788
transition_coupling_strength,0.0,17,no_op,1.2394327944116246,3.039980984475856,0.0734
transition_coupling_strength,0.0,18,bandit_v2,1.4560986272491965,3.236839074101923,0.074
transition_coupling_strength,0.0,18,ppo_v3,1.460816764666288,3.2596886466887676,0.076
transition_coupling_strength,0.0,18,fqi_v3,1.4187713811537934,3.318025633091162,0.083
transition_coupling_strength,0.0,18,uniform,1.3929124289538457,3.2334957638876634,0.0772
transition_coupling_strength,0.0,18,no_op,1.1783664446316775,2.9549834120403067,0.0688
transition_coupling_strength,0.0,19,bandit_v2,1.6022185030645397,3.4675997264993437,0.0882
transition_coupling_strength,0.0,19,ppo_v3,1.59872804495224,3.4427785147883463,0.0798
transition_coupling_strength,0.0,19,fqi_v3,1.348474366278666,3.2047221871851717,0.0784
transition_coupling_strength,0.0,19,uniform,1.4041993346668227,3.2353253757650218,0.079
transition_coupling_strength,0.0,19,no_op,1.361148149497409,3.2554580781914013,0.0858
transition_coupling_strength,0.0,20,bandit_v2,1.4456714851937267,3.2824080992871694,0.0748
transition_coupling_strength,0.0,20,ppo_v3,1.540750831090389,3.266121582440071,0.0724
transition_coupling_strength,0.0,20,fqi_v3,1.429625244021344,3.2877217565073047,0.082
transition_coupling_strength,0.0,20,uniform,1.4204525119888542,3.2839638728537834,0.0786
transition_coupling_strength,0.0,20,no_op,1.2186434814011158,3.0375124764631543,0.0724
transition_coupling_strength,0.0,21,bandit_v2,1.4531641428448863,3.2654703682545088,0.0772
transition_coupling_strength,0.0,21,ppo_v3,1.2782784769892466,3.1349339067282167,0.074
transition_coupling_strength,0.0,21,fqi_v3,1.3424403950662633,3.185402838865779,0.0768
transition_coupling_strength,0.0,21,uniform,1.3947475141470638,3.203559192369311,0.077
transition_coupling_strength,0.0,21,no_op,1.3496697418157089,3.2037777074506937,0.0834
transition_coupling_strength,0.0,22,bandit_v2,1.5470385049939974,3.356240920403333,0.0832
transition_coupling_strength,0.0,22,ppo_v3,1.5680305978960989,3.396307520391738,0.079
transition_coupling_strength,0.0,22,fqi_v3,1.2863801111899125,3.1094283562714646,0.07
transition_coupling_strength,0.0,22,uniform,1.3809327229929673,3.2256098624988523,0.0766
transition_coupling_strength,0.0,22,no_op,1.2876910815118405,3.133239119174264,0.077
transition_coupling_strength,0.0,23,bandit_v2,1.452436924471586,3.2614705963048976,0.0776
transition_coupling_strength,0.0,23,ppo_v3,1.6466514864797863,3.5080450941385615,0.087
transition_coupling_strength,0.0,23,fqi_v3,1.3513669815512115,3.209366355356295,0.0764
transition_coupling_strength,0.0,23,uniform,1.4422110466819116,3.2816433676160583,0.0784
transition_coupling_strength,0.0,23,no_op,1.248020483845504,3.0618450780779023,0.075
transition_coupling_strength,0.0,24,bandit_v2,1.4493220370691209,3.238221143268627,0.0764
transition_coupling_strength,0.0,24,ppo_v3,1.6859520029571247,3.3731280718113608,0.0806
transition_coupling_strength,0.0,24,fqi_v3,1.3663150600835794,3.2085525907095254,0.079
transition_coupling_strength,0.0,24,uniform,1.4322788026572024,3.305852836040442,0.0776
transition_coupling_strength,0.0,24,no_op,1.3501581326170922,3.203891450244311,0.0816
transition_coupling_strength,0.5,10,bandit_v2,2.6426634547283188,4.269823360383678,0.1508
transition_coupling_strength,0.5,10,ppo_v3,2.9476261139632958,4.353337048555155,0.161
transition_coupling_strength,0.5,10,fqi_v3,2.227095796038455,3.9696670118719113,0.1302
transition_coupling_strength,0.5,10,uniform,2.1176143936435534,3.899748260637884,0.12
transition_coupling_strength,0.5,10,no_op,1.3099376113040386,3.1665527241720315,0.0808
transition_coupling_strength,0.5,11,bandit_v2,2.5968503933052225,4.209639876097437,0.148
transition_coupling_strength,0.5,11,ppo_v3,2.9572139139997833,4.388619167644585,0.163
transition_coupling_strength,0.5,11,fqi_v3,2.1503009737079597,3.928917407513619,0.127
transition_coupling_strength,0.5,11,uniform,2.20844826337019,3.9889965124901132,0.1316
transition_coupling_strength,0.5,11,no_op,1.2002902838840166,3.0164649573638087,0.0706
transition_coupling_strength,0.5,12,bandit_v2,2.6758581392668352,4.241332298609603,0.1516
transition_coupling_strength,0.5,12,ppo_v3,2.9933963238069237,4.412977245051841,0.1638
transition_coupling_strength,0.5,12,fqi_v3,2.1818333636815535,3.9530297607040574,0.1288
transition_coupling_strength,0.5,12,uniform,2.2119386045368956,4.002450786294722,0.1308
transition_coupling_strength,0.5,12,no_op,1.2948597335408925,3.1620681092780023,0.0778
transition_coupling_strength,0.5,13,bandit_v2,2.5435479481035963,4.14934473005376,0.1416
transition_coupling_strength,0.5,13,ppo_v3,3.0010086944770045,4.426818114447387,0.1688
transition_coupling_strength,0.5,13,fqi_v3,2.2349981128743046,4.000549140738842,0.1334
transition_coupling_strength,0.5,13,uniform,2.1669695871451236,3.9091369299367096,0.1236
transition_coupling_strength,0.5,13,no_op,1.2859973556467512,3.1557734931630943,0.079
transition_coupling_strength,0.5,14,bandit_v2,2.728189099746138,4.256337001773234,0.1566
transition_coupling_strength,0.5,14,ppo_v3,3.0712983111021965,4.464912844188339,0.168
transition_coupling_strength,0.5,14,fqi_v3,2.252319318656852,3.9900772121421633,0.134
transition_coupling_strength,0.5,14,uniform,2.2229491024093617,4.0287607760221205,0.1302
transition_coupling_strength,0.5,14,no_op,1.2761072237745268,3.0435649267962055,0.0744
transition_coupling_strength,0.5,15,bandit_v2,2.6411049108669413,4.176908611868687,0.1498
transition_coupling_strength,0.5,15,ppo_v3,3.0325902388700214,4.375835361399536,0.1672
transition_coupling_strength,0.5,15,fqi_v3,2.356288048693488,4.082554788088175,0.1418
transition_coupling_strength,0.5,15,uniform,2.207007167602525,3.9802320371338085,0.1296
transition_coupling_strength,0.5,15,no_op,1.3360354645211676,3.213164207368206,0.0818
transition_coupling_strength,0.5,16,bandit_v2,2.610384097289571,4.194665081031068,0.148
transition_coupling_strength,0.5,16,ppo_v3,3.0854280453166574,4.450211120564504,0.1728
transition_coupling_strength,0.5,16,fqi_v3,2.2701304827495625,3.9950648553132733,0.1342
transition_coupling_strength,0.5,16,uniform,2.1862936693641344,3.9295188357419577,0.1272
transition_coupling_strength,0.5,16,no_op,1.3068904671716575,3.1596260297407346,0.0796
transition_coupling_strength,0.5,17,bandit_v2,2.696488045718591,4.261304643369768,0.1568
transition_coupling_strength,0.5,17,ppo_v3,3.0483711186410614,4.44700158346554,0.17
transition_coupling_strength,0.5,17,fqi_v3,2.1822024484133427,3.967587145982509,0.13
transition_coupling_strength,0.5,17,uniform,2.2684497227046005,4.040563624962288,0.1316
transition_coupling_strength,0.5,17,no_op,1.2394327944116246,3.039980984475856,0.0734
transition_coupling_strength,0.5,18,bandit_v2,2.516722727603669,4.145842688069889,0.141
transition_coupling_strength,0.5,18,ppo_v3,3.083675882419543,4.459888456407095,0.1714
transition_coupling_strength,0.5,18,fqi_v3,2.2110132835040304,3.9741554638488026,0.1294
transition_coupling_strength,0.5,18,uniform,2.197697893912761,3.9303236058207784,0.1278
transition_coupling_strength,0.5,18,no_op,1.1783664446316775,2.9549834120403067,0.0688
transition_coupling_strength,0.5,19,bandit_v2,2.566373006346118,4.20439849089241,0.1452
transition_coupling_strength,0.5,19,ppo_v3,3.0769374750444665,4.434827213409433,0.1726
transition_coupling_strength,0.5,19,fqi_v3,2.2274753443605695,4.005262046321033,0.13
transition_coupling_strength,0.5,19,uniform,2.262097005822884,4.032656829931662,0.131
transition_coupling_strength,0.5,19,no_op,1.361148149497409,3.2554580781914013,0.0858
transition_coupling_strength,0.5,20,bandit_v2,2.6239857720930866,4.217319637970784,0.1536
transition_coupling_strength,0.5,20,ppo_v3,2.9800442910357607,4.4144231407156145,0.164
transition_coupling_strength,0.5,20,fqi_v3,2.1988633753646294,3.997310214433744,0.133
transition_coupling_strength,0.5,20,uniform,2.2362838711418065,4.033919869049696,0.13
transition_coupling_strength,0.5,20,no_op,1.2186434814011158,3.0375124764631543,0.0724
transition_coupling_strength,0.5,21,bandit_v2,2.523890462793403,4.148618796909662,0.1462
transition_coupling_strength,0.5,21,ppo_v3,3.1321576291131503,4.42527233154784,0.1772
transition_coupling_strength,0.5,21,fqi_v3,2.2141347280112287,3.9506778579339015,0.1286
transition_coupling_strength,0.5,21,uniform,2.148108827101915,3.9347534927284333,0.1218
transition_coupling_strength,0.5,21,no_op,1.3496697418157089,3.2037777074506937,0.0834
transition_coupling_strength,0.5,22,bandit_v2,2.622372570897526,4.176388060186716,0.1478
transition_coupling_strength,0.5,22,ppo_v3,3.0583341329645473,4.462909991600036,0.1714
transition_coupling_strength,0.5,22,fqi_v3,2.1679924550054395,3.920259753467951,0.1258
transition_coupling_strength,0.5,22,uniform,2.1468932975483384,3.892737707068127,0.1238
transition_coupling_strength,0.5,22,no_op,1.2876910815118405,3.133239119174264,0.077
transition_coupling_strength,0.5,23,bandit_v2,2.577821629569308,4.202205453216047,0.1486
transition_coupling_strength,0.5,23,ppo_v3,3.0960020738060097,4.532014781963345,0.1754
transition_coupling_strength,0.5,23,fqi_v3,2.2431493034646186,4.004520032499243,0.1346
transition_coupling_strength,0.5,23,uniform,2.085246582295543,3.8492685257591606,0.1214
transition_coupling_strength,0.5,23,no_op,1.248020483845504,3.0618450780779023,0.075
transition_coupling_strength,0.5,24,bandit_v2,2.6864654698758192,4.260861673124909,0.1558
transition_coupling_strength,0.5,24,ppo_v3,3.0578133324120316,4.43886123673317,0.1684
transition_coupling_strength,0.5,24,fqi_v3,2.412368702470467,4.105874642462108,0.1478
transition_coupling_strength,0.5,24,uniform,2.21935241671686,4.03676895057286,0.1326
transition_coupling_strength,0.5,24,no_op,1.3501581326170922,3.203891450244311,0.0816
transition_coupling_strength,1.0,10,bandit_v2,4.136942511519316,4.903908995638506,0.2546
transition_coupling_strength,1.0,10,ppo_v3,4.642434237646756,5.054195131540113,0.2824
transition_coupling_strength,1.0,10,fqi_v3,3.2618463060732528,4.642765049982316,0.2056
transition_coupling_strength,1.0,10,uniform,3.0932999768981713,4.506227530856703,0.1854
transition_coupling_strength,1.0,10,no_op,1.3099376113040386,3.1665527241720315,0.0808
transition_coupling_strength,1.0,11,bandit_v2,3.9797580965235566,4.851050687382768,0.2442
transition_coupling_strength,1.0,11,ppo_v3,4.5166396114613105,5.01229752487885,0.2748
transition_coupling_strength,1.0,11,fqi_v3,3.1689598851291243,4.5208015519356435,0.1962
transition_coupling_strength,1.0,11,uniform,3.1344647936180836,4.523593188268447,0.1924
transition_coupling_strength,1.0,11,no_op,1.2002902838840166,3.0164649573638087,0.0706
transition_coupling_strength,1.0,12,bandit_v2,4.111356115722937,4.865350905796491,0.2484
transition_coupling_strength,1.0,12,ppo_v3,4.547401225313625,5.0495696105286685,0.2788
transition_coupling_strength,1.0,12,fqi_v3,3.2166233790620185,4.540419184261847,0.1922
transition_coupling_strength,1.0,12,uniform,3.078163312419907,4.556324668462182,0.1914
transition_coupling_strength,1.0,12,no_op,1.2948597335408925,3.1620681092780023,0.0778
transition_coupling_strength,1.0,13,bandit_v2,3.8946212875913426,4.791844410690573,0.2352
transition_coupling_strength,1.0,13,ppo_v3,4.5417315340395055,5.025393626598364,0.277
transition_coupling_strength,1.0,13,fqi_v3,3.211994579867087,4.472193930000357,0.196
transition_coupling_strength,1.0,13,uniform,3.1578894965208937,4.614141406988097,0.1968
transition_coupling_strength,1.0,13,no_op,1.2859973556467512,3.1557734931630943,0.079
transition_coupling_strength,1.0,14,bandit_v2,3.9473793279708866,4.84839744613634,0.2414
transition_coupling_strength,1.0,14,ppo_v3,4.699618297556786,5.098523350320352,0.2888
transition_coupling_strength,1.0,14,fqi_v3,3.2860932647165733,4.5747200126241445,0.1988
transition_coupling_strength,1.0,14,uniform,3.000559080629605,4.5335677386997615,0.1854
transition_coupling_strength,1.0,14,no_op,1.2761072237745268,3.0435649267962055,0.0744
transition_coupling_strength,1.0,15,bandit_v2,4.044051464946879,4.848020564558496,0.2458
transition_coupling_strength,1.0,15,ppo_v3,4.522871719118993,5.033199176047185,0.2746
transition_coupling_strength,1.0,15,fqi_v3,3.3586408777666477,4.5994344740333615,0.2028
transition_coupling_strength,1.0,15,uniform,2.8499964281591073,4.399186595715513,0.1716
transition_coupling_strength,1.0,15,no_op,1.3360354645211676,3.213164207368206,0.0818
transition_coupling_strength,1.0,16,bandit_v2,4.015667184824047,4.883552055484451,0.2498
transition_coupling_strength,1.0,16,ppo_v3,4.640605185318773,5.053954897909626,0.28
transition_coupling_strength,1.0,16,fqi_v3,3.438684578983019,4.648630036767988,0.217
transition_coupling_strength,1.0,16,uniform,3.0914287039929,4.492462569545302,0.1872
transition_coupling_strength,1.0,16,no_op,1.3068904671716575,3.1596260297407346,0.0796
transition_coupling_strength,1.0,17,bandit_v2,4.005640758633897,4.86995648170744,0.247
transition_coupling_strength,1.0,17,ppo_v3,4.440621599802139,4.964422513398939,0.2646
transition_coupling_strength,1.0,17,fqi_v3,3.2680462607200043,4.515377620426267,0.1972
transition_coupling_strength,1.0,17,uniform,3.1640882224218734,4.636367886592676,0.1982
transition_coupling_strength,1.0,17,no_op,1.2394327944116246,3.039980984475856,0.0734
transition_coupling_strength,1.0,18,bandit_v2,3.981566314437427,4.803208520918603,0.2418
transition_coupling_strength,1.0,18,ppo_v3,4.535666752591017,5.014333081322268,0.2734
transition_coupling_strength,1.0,18,fqi_v3,3.249603774031202,4.521951061023937,0.1996
transition_coupling_strength,1.0,18,uniform,3.025319511477516,4.533823894450924,0.1874
transition_coupling_strength,1.0,18,no_op,1.1783664446316775,2.9549834120403067,0.0688
transition_coupling_strength,1.0,19,bandit_v2,4.074940406547514,4.869610965700553,0.2526
transition_coupling_strength,1.0,19,ppo_v3,4.544341371465413,5.072850991473255,0.2768
transition_coupling_strength,1.0,19,fqi_v3,3.171175873400053,4.556292223545787,0.1986
transition_coupling_strength,1.0,19,uniform,3.0715686050787974,4.527299639689454,0.189
transition_coupling_strength,1.0,19,no_op,1.361148149497409,3.2554580781914013,0.0858
transition_coupling_strength,1.0,20,bandit_v2,4.008943440251862,4.854927368522623,0.247
transition_coupling_strength,1.0,20,ppo_v3,4.506307091321312,5.02642377321787,0.2726
transition_coupling_strength,1.0,20,fqi_v3,3.3063032883405037,4.59936438682423,0.2066
transition_coupling_strength,1.0,20,uniform,3.1105150930504855,4.5734474488588805,0.1924
transition_coupling_strength,1.0,20,no_op,1.2186434814011158,3.0375124764631543,0.0724
transition_coupling_strength,1.0,21,bandit_v2,3.975579368836523,4.825014967967356,0.2402
transition_coupling_strength,1.0,21,ppo_v3,4.487725184042226,4.96876214308457,0.2714
transition_coupling_strength,1.0,21,fqi_v3,3.3372891856240012,4.526853796974461,0.2018
transition_coupling_strength,1.0,21,uniform,3.0333621547050416,4.448880403735185,0.1844
transition_coupling_strength,1.0,21,no_op,1.3496697418157089,3.2037777074506937,0.0834
transition_coupling_strength,1.0,22,bandit_v2,3.9373719025368707,4.841210590142859,0.2392
transition_coupling_strength,1.0,22,ppo_v3,4.530926991790763,5.026456986440183,0.2732
transition_coupling_strength,1.0,22,fqi_v3,3.3078652372024067,4.591149446379568,0.2038
transition_coupling_strength,1.0,22,uniform,3.03521675297634,4.505139184165257,0.1864
transition_coupling_strength,1.0,22,no_op,1.2876910815118405,3.133239119174264,0.077
transition_coupling_strength,1.0,23,bandit_v2,4.059608435528955,4.824269176648304,0.249
transition_coupling_strength,1.0,23,ppo_v3,4.597522825858792,5.035981094269842,0.2768
transition_coupling_strength,1.0,23,fqi_v3,3.351119601791815,4.58022512399988,0.2004
transition_coupling_strength,1.0,23,uniform,2.994375228440708,4.492328508505219,0.1828
transition_coupling_strength,1.0,23,no_op,1.248020483845504,3.0618450780779023,0.075
transition_coupling_strength,1.0,24,bandit_v2,4.107848698118537,4.908841185897446,0.253
transition_coupling_strength,1.0,24,ppo_v3,4.524029328234746,5.014466165121711,0.2768
transition_coupling_strength,1.0,24,fqi_v3,3.263834497336942,4.5548972357408575,0.2
transition_coupling_strength,1.0,24,uniform,3.037051708056177,4.513867367359398,0.1858
transition_coupling_strength,1.0,24,no_op,1.3501581326170922,3.203891450244311,0.0816
transition_coupling_strength,2.0,10,bandit_v2,5.336505775844776,4.999379962411542,0.3376
transition_coupling_strength,2.0,10,ppo_v3,5.785384984782443,5.099840723667791,0.3728
transition_coupling_strength,2.0,10,fqi_v3,4.476285717825448,4.974771851124748,0.2862
transition_coupling_strength,2.0,10,uniform,4.021676154954215,4.810400970806469,0.256
transition_coupling_strength,2.0,10,no_op,1.3099376113040386,3.1665527241720315,0.0808
transition_coupling_strength,2.0,11,bandit_v2,5.27567861350012,4.933065732211185,0.3364
transition_coupling_strength,2.0,11,ppo_v3,5.817050531145053,5.071326133049603,0.3796
transition_coupling_strength,2.0,11,fqi_v3,4.431670714332246,4.907836290428724,0.2802
transition_coupling_strength,2.0,11,uniform,4.0771986307038315,4.871588439661935,0.2598
transition_coupling_strength,2.0,11,no_op,1.2002902838840166,3.0164649573638087,0.0706
transition_coupling_strength,2.0,12,bandit_v2,5.29083113239121,4.945180176851519,0.3332
transition_coupling_strength,2.0,12,ppo_v3,5.874455868633397,5.1054320850530726,0.3794
transition_coupling_strength,2.0,12,fqi_v3,4.575029047381752,4.881176873353801,0.2904
transition_coupling_strength,2.0,12,uniform,4.057902473351092,4.870818197217574,0.2548
transition_coupling_strength,2.0,12,no_op,1.2948597335408925,3.1620681092780023,0.0778
transition_coupling_strength,2.0,13,bandit_v2,5.408828178390518,4.961944489876941,0.352
transition_coupling_strength,2.0,13,ppo_v3,5.774550871943528,5.037727008156859,0.3748
transition_coupling_strength,2.0,13,fqi_v3,4.356627110083811,4.857872192943641,0.273
transition_coupling_strength,2.0,13,uniform,3.9905127466038843,4.833867342827167,0.2514
transition_coupling_strength,2.0,13,no_op,1.2859973556467512,3.1557734931630943,0.079
transition_coupling_strength,2.0,14,bandit_v2,5.45794395342132,4.969457942321915,0.3536
transition_coupling_strength,2.0,14,ppo_v3,5.6787492843907,5.0391011944899935,0.3612
transition_coupling_strength,2.0,14,fqi_v3,4.521570236493975,4.9060210954914565,0.286
transition_coupling_strength,2.0,14,uniform,4.000938214692782,4.849177641616039,0.2534
transition_coupling_strength,2.0,14,no_op,1.2761072237745268,3.0435649267962055,0.0744
transition_coupling_strength,2.0,15,bandit_v2,5.278411482447916,4.935599017704788,0.3346
transition_coupling_strength,2.0,15,ppo_v3,5.761067139213308,4.978028997148621,0.368
transition_coupling_strength,2.0,15,fqi_v3,4.5199014273627265,4.948092271984319,0.2896
transition_coupling_strength,2.0,15,uniform,4.060668023392344,4.854798713406891,0.2592
transition_coupling_strength,2.0,15,no_op,1.3360354645211676,3.213164207368206,0.0818
transition_coupling_strength,2.0,16,bandit_v2,5.314526122029719,4.964112442663398,0.3372
transition_coupling_strength,2.0,16,ppo_v3,5.856766187161822,5.005510891955853,0.3816
transition_coupling_strength,2.0,16,fqi_v3,4.553045916637176,4.909888037291707,0.2856
transition_coupling_strength,2.0,16,uniform,3.979696068863487,4.842929011074354,0.259
transition_coupling_strength,2.0,16,no_op,1.3068904671716575,3.1596260297407346,0.0796
transition_coupling_strength,2.0,17,bandit_v2,5.460774521600122,5.002883959692582,0.3508
transition_coupling_strength,2.0,17,ppo_v3,5.777489557364728,5.079295345540119,0.368
transition_coupling_strength,2.0,17,fqi_v3,4.529789887000344,4.92575551684532,0.28
transition_coupling_strength,2.0,17,uniform,3.8919528647894426,4.77849465602687,0.2464
transition_coupling_strength,2.0,17,no_op,1.2394327944116246,3.039980984475856,0.0734
transition_coupling_strength,2.0,18,bandit_v2,5.38483879749694,4.989304766279368,0.3466
transition_coupling_strength,2.0,18,ppo_v3,5.605497054241634,4.8863966368402805,0.3908
transition_coupling_strength,2.0,18,fqi_v3,4.650328197587439,4.8353535355654875,0.2956
transition_coupling_strength,2.0,18,uniform,3.892518854522112,4.763750860012211,0.245
transition_coupling_strength,2.0,18,no_op,1.1783664446316775,2.9549834120403067,0.0688
transition_coupling_strength,2.0,19,bandit_v2,5.311449073395522,4.916167673496806,0.3348
transition_coupling_strength,2.0,19,ppo_v3,5.736777219505524,4.994884934929015,0.3708
transition_coupling_strength,2.0,19,fqi_v3,4.491777751004357,4.921564819777911,0.2844
transition_coupling_strength,2.0,19,uniform,3.9763939955794187,4.8457557588855495,0.2536
transition_coupling_strength,2.0,19,no_op,1.361148149497409,3.2554580781914013,0.0858
transition_coupling_strength,2.0,20,bandit_v2,5.345636674847038,4.990643523183274,0.3434
transition_coupling_strength,2.0,20,ppo_v3,5.834965634449076,5.0474421653405495,0.3774
transition_coupling_strength,2.0,20,fqi_v3,4.514958616346027,4.899601378661105,0.2852
transition_coupling_strength,2.0,20,uniform,4.159693167640557,4.923148277668531,0.2688
transition_coupling_strength,2.0,20,no_op,1.2186434814011158,3.0375124764631543,0.0724
transition_coupling_strength,2.0,21,bandit_v2,5.297010780232391,4.9686883094241,0.3326
transition_coupling_strength,2.0,21,ppo_v3,5.84825583781545,5.022744801910785,0.3706
transition_coupling_strength,2.0,21,fqi_v3,4.558320760649173,4.904146059170625,0.2838
transition_coupling_strength,2.0,21,uniform,3.9415855299830707,4.814851063112734,0.2482
transition_coupling_strength,2.0,21,no_op,1.3496697418157089,3.2037777074506937,0.0834
transition_coupling_strength,2.0,22,bandit_v2,5.2783706853866805,4.931947431922943,0.334
transition_coupling_strength,2.0,22,ppo_v3,5.8576537129121995,5.04249141186371,0.3768
transition_coupling_strength,2.0,22,fqi_v3,4.453270268285264,4.903720856330884,0.2808
transition_coupling_strength,2.0,22,uniform,3.7976613657525102,4.767741190719897,0.2374
transition_coupling_strength,2.0,22,no_op,1.2876910815118405,3.133239119174264,0.077
transition_coupling_strength,2.0,23,bandit_v2,5.301534089651498,4.99609865982836,0.3398
transition_coupling_strength,2.0,23,ppo_v3,5.755207368979651,5.046730444157134,0.3692
transition_coupling_strength,2.0,23,fqi_v3,4.450485675556912,4.925936035998196,0.2832
transition_coupling_strength,2.0,23,uniform,3.9521889046649434,4.855697489002636,0.2496
transition_coupling_strength,2.0,23,no_op,1.248020483845504,3.0618450780779023,0.075
transition_coupling_strength,2.0,24,bandit_v2,5.2936296169158155,4.934381990332109,0.341
transition_coupling_strength,2.0,24,ppo_v3,5.736766823366979,5.029187748709152,0.368
transition_coupling_strength,2.0,24,fqi_v3,4.307799555264806,4.830480346274046,0.265
transition_coupling_strength,2.0,24,uniform,3.8587601475430913,4.773847224299548,0.2444
transition_coupling_strength,2.0,24,no_op,1.3501581326170922,3.203891450244311,0.0816
transition_coupling_strength,3.0,10,bandit_v2,5.46424312535478,4.97284465452054,0.3566
transition_coupling_strength,3.0,10,ppo_v3,6.026751642345863,5.000858581725746,0.3996
transition_coupling_strength,3.0,10,fqi_v3,4.710516652519868,4.975380141149399,0.2886
transition_coupling_strength,3.0,10,uniform,4.308842239768374,4.8470983185080705,0.2804
transition_coupling_strength,3.0,10,no_op,1.3099376113040386,3.1665527241720315,0.0808
transition_coupling_strength,3.0,11,bandit_v2,5.67422649530551,4.975762633719323,0.3708
transition_coupling_strength,3.0,11,ppo_v3,5.918578761139926,4.908802984045752,0.3864
transition_coupling_strength,3.0,11,fqi_v3,4.483055106444434,4.864186724050787,0.2758
transition_coupling_strength,3.0,11,uniform,4.299243215593358,4.87427547430333,0.277
transition_coupling_strength,3.0,11,no_op,1.2002902838840166,3.0164649573638087,0.0706
transition_coupling_strength,3.0,12,bandit_v2,5.566943044183737,4.98811232136241,0.3658
transition_coupling_strength,3.0,12,ppo_v3,6.029516231319796,4.965376916903034,0.396
transition_coupling_strength,3.0,12,fqi_v3,4.823705326676135,5.048281381565791,0.303
transition_coupling_strength,3.0,12,uniform,4.373663053795328,4.900408924025889,0.281
transition_coupling_strength,3.0,12,no_op,1.2948597335408925,3.1620681092780023,0.0778
transition_coupling_strength,3.0,13,bandit_v2,5.550636879583688,4.9309061571214645,0.3672
transition_coupling_strength,3.0,13,ppo_v3,5.943889141843502,4.971671130903641,0.3926
transition_coupling_strength,3.0,13,fqi_v3,4.6143531859001365,4.916644433261451,0.2856
transition_coupling_strength,3.0,13,uniform,4.185295517142376,4.856516070619926,0.267
transition_coupling_strength,3.0,13,no_op,1.2859973556467512,3.1557734931630943,0.079
transition_coupling_strength,3.0,14,bandit_v2,5.478715486141659,4.921623434349981,0.3564
transition_coupling_strength,3.0,14,ppo_v3,5.7706485667261305,4.739398506942827,0.3882
transition_coupling_strength,3.0,14,fqi_v3,4.97105347154806,4.949348486420622,0.314
transition_coupling_strength,3.0,14,uniform,4.21569609798532,4.873721560296124,0.2754
transition_coupling_strength,3.0,14,no_op,1.2761072237745268,3.0435649267962055,0.0744
transition_coupling_strength,3.0,15,bandit_v2,5.587985498773062,4.968044160569722,0.3638
transition_coupling_strength,3.0,15,ppo_v3,6.0817265141788335,4.9888746395461885,0.4026
transition_coupling_strength,3.0,15,fqi_v3,4.696768303672144,5.002978489468591,0.2944
transition_coupling_strength,3.0,15,uniform,4.304944778581605,4.898530411463624,0.2766
transition_coupling_strength,3.0,15,no_op,1.3360354645211676,3.213164207368206,0.0818
transition_coupling_strength,3.0,16,bandit_v2,5.615426266189261,4.970797431933722,0.3618
transition_coupling_strength,3.0,16,ppo_v3,5.927456160996379,4.978997527103679,0.3854
transition_coupling_strength,3.0,16,fqi_v3,4.975155552638973,5.02724748881527,0.3122
transition_coupling_strength,3.0,16,uniform,4.354060510229927,4.908109913428637,0.2824
transition_coupling_strength,3.0,16,no_op,1.3068904671716575,3.1596260297407346,0.0796
transition_coupling_strength,3.0,17,bandit_v2,5.722612078135628,4.913899686814607,0.3754
transition_coupling_strength,3.0,17,ppo_v3,6.123599757445435,5.020492191193454,0.4014
transition_coupling_strength,3.0,17,fqi_v3,4.924143077288892,5.074512915582023,0.31
transition_coupling_strength,3.0,17,uniform,4.235503788938655,4.852534176558915,0.2728
transition_coupling_strength,3.0,17,no_op,1.2394327944116246,3.039980984475856,0.0734
transition_coupling_strength,3.0,18,bandit_v2,5.637747534072321,5.038894583541462,0.3662
transition_coupling_strength,3.0,18,ppo_v3,6.028852247654122,4.998395653949359,0.3952
transition_coupling_strength,3.0,18,fqi_v3,4.899572319253336,4.986640985800809,0.311
transition_coupling_strength,3.0,18,uniform,4.268425872316799,4.895843362776772,0.2756
transition_coupling_strength,3.0,18,no_op,1.1783664446316775,2.9549834120403067,0.0688
transition_coupling_strength,3.0,19,bandit_v2,5.560026421615059,4.906881390089723,0.37
transition_coupling_strength,3.0,19,ppo_v3,6.017630890434689,4.987657075646518,0.3928
transition_coupling_strength,3.0,19,fqi_v3,4.912144133051462,4.885757584122143,0.3154
transition_coupling_strength,3.0,19,uniform,4.232717460881483,4.826494300493495,0.2672
transition_coupling_strength,3.0,19,no_op,1.361148149497409,3.2554580781914013,0.0858
transition_coupling_strength,3.0,20,bandit_v2,5.578827451951779,4.958571713162205,0.3632
transition_coupling_strength,3.0,20,ppo_v3,6.149000600857291,5.01392668299024,0.405
transition_coupling_strength,3.0,20,fqi_v3,5.142085118354773,4.954097812405034,0.3246
transition_coupling_strength,3.0,20,uniform,4.428821240461466,4.924600834834524,0.2876
transition_coupling_strength,3.0,20,no_op,1.2186434814011158,3.0375124764631543,0.0724
transition_coupling_strength,3.0,21,bandit_v2,5.648320178160148,4.862616599396248,0.3738
transition_coupling_strength,3.0,21,ppo_v3,5.545368188201633,4.807099092928769,0.3844
transition_coupling_strength,3.0,21,fqi_v3,4.903928777693562,4.992751275583792,0.3094
transition_coupling_strength,3.0,21,uniform,4.3564521083425305,4.892885444351694,0.282
transition_coupling_strength,3.0,21,no_op,1.3496697418157089,3.2037777074506937,0.0834
transition_coupling_strength,3.0,22,bandit_v2,5.7374099592522505,4.988176681775613,0.3694
transition_coupling_strength,3.0,22,ppo_v3,6.035624778379974,4.94467733140159,0.3918
transition_coupling_strength,3.0,22,fqi_v3,4.9279875215955125,4.980434841645935,0.3048
transition_coupling_strength,3.0,22,uniform,4.3301501387727495,4.91890420975864,0.2788
transition_coupling_strength,3.0,22,no_op,1.2876910815118405,3.133239119174264,0.077
transition_coupling_strength,3.0,23,bandit_v2,5.7942684173937575,5.02044035139891,0.3888
transition_coupling_strength,3.0,23,ppo_v3,5.921564705940822,4.960549719200756,0.3868
transition_coupling_strength,3.0,23,fqi_v3,4.84659227870185,5.027724412989877,0.304
transition_coupling_strength,3.0,23,uniform,4.273398333941329,4.876411518354046,0.2724
transition_coupling_strength,3.0,23,no_op,1.248020483845504,3.0618450780779023,0.075
transition_coupling_strength,3.0,24,bandit_v2,5.654528913120834,5.008694515019985,0.3732
transition_coupling_strength,3.0,24,ppo_v3,6.086725836279385,4.98801345848454,0.4056
transition_coupling_strength,3.0,24,fqi_v3,4.732247363686723,4.978341645096112,0.2942
transition_coupling_strength,3.0,24,uniform,4.270999371289759,4.9121440696928165,0.276
transition_coupling_strength,3.0,24,no_op,1.3501581326170922,3.203891450244311,0.0816
t_max,20,10,bandit_v2,1.5100365612636057,3.323105640273454,0.0798
t_max,20,10,ppo_v3,1.7118814530950774,3.493459297395999,0.0828
t_max,20,10,fqi_v3,1.4225506092076394,3.217520304569617,0.0784
t_max,20,10,uniform,1.3941617375400888,3.2730836582977263,0.0786
t_max,20,10,no_op,1.3099376113040386,3.1665527241720315,0.0808
t_max,20,11,bandit_v2,1.5170774846353534,3.343321109360233,0.0812
t_max,20,11,ppo_v3,1.6298958857628378,3.4495683792179777,0.0816
t_max,20,11,fqi_v3,1.396088785280458,3.2289681541014534,0.0796
t_max,20,11,uniform,1.4696812139464732,3.302203215338538,0.0818
t_max,20,11,no_op,1.2002902838840166,3.0164649573638087,0.0706
t_max,20,12,bandit_v2,1.4279026840492002,3.196745300741593,0.0732
t_max,20,12,ppo_v3,1.5717795642219663,3.3873960195821113,0.078
t_max,20,12,fqi_v3,1.4205518111134288,3.304123802042425,0.0822
t_max,20,12,uniform,1.3765023205383975,3.233979536707974,0.078
t_max,20,12,no_op,1.2948597335408925,3.1620681092780023,0.0778
t_max,20,13,bandit_v2,1.492918361293233,3.291773527006279,0.0762
t_max,20,13,ppo_v3,1.586642327787175,3.4480868065539942,0.081
t_max,20,13,fqi_v3,1.3993397580077165,3.2248387893068426,0.0796
t_max,20,13,uniform,1.393755323487224,3.25185048243627,0.0768
t_max,20,13,no_op,1.2859973556467512,3.1557734931630943,0.079
t_max,20,14,bandit_v2,1.5095224479537863,3.3984711210944436,0.0818
t_max,20,14,ppo_v3,1.6630371056448217,3.3929560675059522,0.077
t_max,20,14,fqi_v3,1.4052461077849072,3.2274469571045046,0.0798
t_max,20,14,uniform,1.424489802327257,3.294481402992064,0.081
t_max,20,14,no_op,1.2761072237745268,3.0435649267962055,0.0744
t_max,20,15,bandit_v2,1.5037835473104841,3.325874948157348,0.0816
t_max,20,15,ppo_v3,1.615739200435945,3.3274181273040377,0.0766
t_max,20,15,fqi_v3,1.3199806704802204,3.1651092534644087,0.073
t_max,20,15,uniform,1.4219383939208696,3.24471940831586,0.0794
t_max,20,15,no_op,1.3360354645211676,3.213164207368206,0.0818
t_max,20,16,bandit_v2,1.6187525550353823,3.4535481543829696,0.088
t_max,20,16,ppo_v3,1.7419272684451017,3.5207817042670406,0.0856
t_max,20,16,fqi_v3,1.3564999314699555,3.1688421801065223,0.075
t_max,20,16,uniform,1.4225600086433652,3.2938568192551902,0.0794
t_max,20,16,no_op,1.3068904671716575,3.1596260297407346,0.0796
t_max,20,17,bandit_v2,1.427420332497724,3.1884709838350838,0.071
t_max,20,17,ppo_v3,1.5896959479986774,3.28180403760393,0.0726
t_max,20,17,fqi_v3,1.3690927403006086,3.1550787501686908,0.0722
t_max,20,17,uniform,1.4208951172635995,3.272373812194008,0.0788
t_max,20,17,no_op,1.2394327944116246,3.039980984475856,0.0734
t_max,20,18,bandit_v2,1.4560986272491965,3.236839074101923,0.074
t_max,20,18,ppo_v3,1.460816764666288,3.2596886466887676,0.076
t_max,20,18,fqi_v3,1.4187713811537934,3.318025633091162,0.083
t_max,20,18,uniform,1.3929124289538457,3.2334957638876634,0.0772
t_max,20,18,no_op,1.1783664446316775,2.9549834120403067,0.0688
t_max,20,19,bandit_v2,1.6022185030645397,3.4675997264993437,0.0882
t_max,20,19,ppo_v3,1.59872804495224,3.4427785147883463,0.0798
t_max,20,19,fqi_v3,1.348474366278666,3.2047221871851717,0.0784
t_max,20,19,uniform,1.4041993346668227,3.2353253757650218,0.079
t_max,20,19,no_op,1.361148149497409,3.2554580781914013,0.0858
t_max,20,20,bandit_v2,1.4456714851937267,3.2824080992871694,0.0748
t_max,20,20,ppo_v3,1.540750831090389,3.266121582440071,0.0724
t_max,20,20,fqi_v3,1.429625244021344,3.2877217565073047,0.082
t_max,20,20,uniform,1.4204525119888542,3.2839638728537834,0.0786
t_max,20,20,no_op,1.2186434814011158,3.0375124764631543,0.0724
t_max,20,21,bandit_v2,1.4531641428448863,3.2654703682545088,0.0772
t_max,20,21,ppo_v3,1.2782784769892466,3.1349339067282167,0.074
t_max,20,21,fqi_v3,1.3424403950662633,3.185402838865779,0.0768
t_max,20,21,uniform,1.3947475141470638,3.203559192369311,0.077
t_max,20,21,no_op,1.3496697418157089,3.2037777074506937,0.0834
t_max,20,22,bandit_v2,1.5470385049939974,3.356240920403333,0.0832
t_max,20,22,ppo_v3,1.5680305978960989,3.396307520391738,0.079
t_max,20,22,fqi_v3,1.2863801111899125,3.1094283562714646,0.07
t_max,20,22,uniform,1.3809327229929673,3.2256098624988523,0.0766
t_max,20,22,no_op,1.2876910815118405,3.133239119174264,0.077
t_max,20,23,bandit_v2,1.452436924471586,3.2614705963048976,0.0776
t_max,20,23,ppo_v3,1.6466514864797863,3.5080450941385615,0.087
t_max,20,23,fqi_v3,1.3513669815512115,3.209366355356295,0.0764
t_max,20,23,uniform,1.4422110466819116,3.2816433676160583,0.0784
t_max,20,23,no_op,1.248020483845504,3.0618450780779023,0.075
t_max,20,24,bandit_v2,1.4493220370691209,3.238221143268627,0.0764
t_max,20,24,ppo_v3,1.6859520029571247,3.3731280718113608,0.0806
t_max,20,24,fqi_v3,1.3663150600835794,3.2085525907095254,0.079
t_max,20,24,uniform,1.4322788026572024,3.305852836040442,0.0776
t_max,20,24,no_op,1.3501581326170922,3.203891450244311,0.0816
t_max,30,10,bandit_v2,1.5386936310089683,3.3579186521753144,0.0822
t_max,30,10,ppo_v3,1.6916694530950775,3.4539566025383133,0.0828
t_max,30,10,fqi_v3,1.4260527269198073,3.22559569256694,0.0788
t_max,30,10,uniform,1.3941617375400888,3.2730836582977263,0.0786
t_max,30,10,no_op,1.313250361765614,3.170839541197399,0.081
t_max,30,11,bandit_v2,1.5182154846353535,3.342126715174125,0.0812
t_max,30,11,ppo_v3,1.662864776252959,3.398411321045913,0.0814
t_max,30,11,fqi_v3,1.3878520498479685,3.227056169051617,0.0786
t_max,30,11,uniform,1.4789661830414726,3.3201974500026505,0.0826
t_max,30,11,no_op,1.19600283535414,3.005559390188132,0.07
t_max,30,12,bandit_v2,1.4279026840492002,3.196745300741593,0.0732
t_max,30,12,ppo_v3,1.5992995734876074,3.3589716748587195,0.078
t_max,30,12,fqi_v3,1.4205518111134288,3.304123802042425,0.0822
t_max,30,12,uniform,1.3766003205383976,3.233645340400803,0.078
t_max,30,12,no_op,1.2923366719361828,3.1597166833916503,0.0776
t_max,30,13,bandit_v2,1.497414361293233,3.2909574647500945,0.0762
t_max,30,13,ppo_v3,1.586642327787175,3.4480868065539942,0.081
t_max,30,13,fqi_v3,1.4720073651915089,3.35442976144508,0.086
t_max,30,13,uniform,1.393755323487224,3.25185048243627,0.0768
t_max,30,13,no_op,1.2875578187416286,3.1614945813051003,0.0792
t_max,30,14,bandit_v2,1.5124177249960429,3.405454792234131,0.082
t_max,30,14,ppo_v3,1.654849105644822,3.420722658816274,0.077
t_max,30,14,fqi_v3,1.4044961077849072,3.2275376658823918,0.0798
t_max,30,14,uniform,1.4297185055942916,3.3015831669153903,0.0814
t_max,30,14,no_op,1.2761072237745268,3.0435649267962055,0.0744
t_max,30,15,bandit_v2,1.5099218149713316,3.337071260147619,0.0816
t_max,30,15,ppo_v3,1.5576692004359451,3.3670048431129027,0.0766
t_max,30,15,fqi_v3,1.348870852952965,3.2170709402220004,0.0756
t_max,30,15,uniform,1.417486010308651,3.24107227692032,0.0792
t_max,30,15,no_op,1.3365154645211679,3.2131936507015713,0.0818
t_max,30,16,bandit_v2,1.6069665181321136,3.445916050855143,0.087
t_max,30,16,ppo_v3,1.6297036986334383,3.5442891484171364,0.0856
t_max,30,16,fqi_v3,1.3629540230406394,3.167577635539078,0.0746
t_max,30,16,uniform,1.4225600086433652,3.2938568192551902,0.0794
t_max,30,16,no_op,1.294120325105906,3.1406692781449284,0.0786
t_max,30,17,bandit_v2,1.4304003324977241,3.1857497376736537,0.071
t_max,30,17,ppo_v3,1.5939689432986863,3.291049194779052,0.0728
t_max,30,17,fqi_v3,1.3093803949645912,3.0861249778531685,0.0682
t_max,30,17,uniform,1.4210751172635996,3.272287453609996,0.0788
t_max,30,17,no_op,1.2394327944116246,3.039980984475856,0.0734
t_max,30,18,bandit_v2,1.4543697754635327,3.2328118221695314,0.074
t_max,30,18,ppo_v3,1.633772764666288,3.347646759179668,0.076
t_max,30,18,fqi_v3,1.399617686852753,3.30799402808484,0.0808
t_max,30,18,uniform,1.3919864289538457,3.2337382524050833,0.0772
t_max,30,18,no_op,1.1785520144944297,2.9518748569222915,0.0688
t_max,30,19,bandit_v2,1.4878607877547843,3.348960282463722,0.0804
t_max,30,19,ppo_v3,1.6550625257311342,3.4038782258533216,0.0798
t_max,30,19,fqi_v3,1.3384123947805162,3.185409756822722,0.0772
t_max,30,19,uniform,1.4041993346668227,3.2353253757650218,0.079
t_max,30,19,no_op,1.358357904952747,3.2516081469692826,0.0856
t_max,30,20,bandit_v2,1.4404008227374896,3.282002904170924,0.0748
t_max,30,20,ppo_v3,1.540760831090389,3.266138750664716,0.0724
t_max,30,20,fqi_v3,1.3770613050949791,3.2385754497038457,0.0786
t_max,30,20,uniform,1.424108967791645,3.2918523285377943,0.079
t_max,30,20,no_op,1.2186434814011158,3.0375124764631543,0.0724
t_max,30,21,bandit_v2,1.4556583872627584,3.275368782204818,0.0778
t_max,30,21,ppo_v3,1.390534970084495,3.217878876415497,0.0748
t_max,30,21,fqi_v3,1.3424403950662633,3.185402838865779,0.0768
t_max,30,21,uniform,1.3951175141470638,3.204809035004084,0.077
t_max,30,21,no_op,1.3526553409906166,3.2075834634810714,0.0836
t_max,30,22,bandit_v2,1.5442751794950045,3.357442774871786,0.0834
t_max,30,22,ppo_v3,1.6200725978960988,3.3654165460946963,0.079
t_max,30,22,fqi_v3,1.2861710448439008,3.1133352685464764,0.07
t_max,30,22,uniform,1.3813367229929674,3.2255446647153234,0.0766
t_max,30,22,no_op,1.2935447956170678,3.142836132484417,0.0776
t_max,30,23,bandit_v2,1.4588013885835605,3.25678857120481,0.0766
t_max,30,23,ppo_v3,1.7138634864797864,3.5319572385772586,0.087
t_max,30,23,fqi_v3,1.278121151440508,3.1191250930794756,0.0716
t_max,30,23,uniform,1.4424650466819118,3.2818328953929026,0.0784
t_max,30,23,no_op,1.248020483845504,3.0618450780779023,0.075
t_max,30,24,bandit_v2,1.449368965015263,3.2348567654274647,0.0762
t_max,30,24,ppo_v3,1.6814704197415908,3.3717297942363302,0.0804
t_max,30,24,fqi_v3,1.369922135769608,3.2144056315476046,0.0794
t_max,30,24,uniform,1.4329368026572022,3.3055640395880386,0.0776
t_max,30,24,no_op,1.3501581326170922,3.203891450244311,0.0816
t_max,40,10,bandit_v2,1.5386936310089683,3.3579186521753144,0.0822
t_max,40,10,ppo_v3,1.6916694530950775,3.4539566025383133,0.0828
t_max,40,10,fqi_v3,1.4260527269198073,3.22559569256694,0.0788
t_max,40,10,uniform,1.3941617375400888,3.2730836582977263,0.0786
t_max,40,10,no_op,1.313250361765614,3.170839541197399,0.081
t_max,40,11,bandit_v2,1.5182154846353535,3.342126715174125,0.0812
t_max,40,11,ppo_v3,1.662864776252959,3.398411321045913,0.0814
t_max,40,11,fqi_v3,1.3878520498479685,3.227056169051617,0.0786
t_max,40,11,uniform,1.48218153252611,3.325308566029152,0.0828
t_max,40,11,no_op,1.19600283535414,3.005559390188132,0.07
t_max,40,12,bandit_v2,1.4279026840492002,3.196745300741593,0.0732
t_max,40,12,ppo_v3,1.5992995734876074,3.3589716748587195,0.078
t_max,40,12,fqi_v3,1.4205518111134288,3.304123802042425,0.0822
t_max,40,12,uniform,1.3766003205383976,3.233645340400803,0.078
t_max,40,12,no_op,1.2923366719361828,3.1597166833916503,0.0776
t_max,40,13,bandit_v2,1.497414361293233,3.2909574647500945,0.0762
t_max,40,13,ppo_v3,1.586642327787175,3.4480868065539942,0.081
t_max,40,13,fqi_v3,1.4720073651915089,3.35442976144508,0.086
t_max,40,13,uniform,1.393755323487224,3.25185048243627,0.0768
t_max,40,13,no_op,1.2875578187416286,3.1614945813051003,0.0792
t_max,40,14,bandit_v2,1.5124177249960429,3.405454792234131,0.082
t_max,40,14,ppo_v3,1.654849105644822,3.420722658816274,0.077
t_max,40,14,fqi_v3,1.4044961077849072,3.2275376658823918,0.0798
t_max,40,14,uniform,1.4297185055942916,3.3015831669153903,0.0814
t_max,40,14,no_op,1.2761072237745268,3.0435649267962055,0.0744
t_max,40,15,bandit_v2,1.510849383264832,3.3364078704490927,0.0814
t_max,40,15,ppo_v3,1.5576692004359451,3.3670048431129027,0.0766
t_max,40,15,fqi_v3,1.348870852952965,3.2170709402220004,0.0756
t_max,40,15,uniform,1.417486010308651,3.24107227692032,0.0792
t_max,40,15,no_op,1.3365154645211679,3.2131936507015713,0.0818
t_max,40,16,bandit_v2,1.6069665181321136,3.445916050855143,0.087
t_max,40,16,ppo_v3,1.6297036986334383,3.5442891484171364,0.0856
t_max,40,16,fqi_v3,1.3637840230406393,3.16769453273263,0.0746
t_max,40,16,uniform,1.4225600086433652,3.2938568192551902,0.0794
t_max,40,16,no_op,1.2981645143084823,3.1479739419105393,0.079
t_max,40,17,bandit_v2,1.4304003324977241,3.1857497376736537,0.071
t_max,40,17,ppo_v3,1.5939689432986863,3.291049194779052,0.0728
t_max,40,17,fqi_v3,1.3704882610604074,3.1476817225887768,0.0726
t_max,40,17,uniform,1.4210751172635996,3.272287453609996,0.0788
t_max,40,17,no_op,1.2394327944116246,3.039980984475856,0.0734
t_max,40,18,bandit_v2,1.4543697754635327,3.2328118221695314,0.074
t_max,40,18,ppo_v3,1.633772764666288,3.347646759179668,0.076
t_max,40,18,fqi_v3,1.399617686852753,3.30799402808484,0.0808
t_max,40,18,uniform,1.3919864289538457,3.2337382524050833,0.0772
t_max,40,18,no_op,1.1785520144944297,2.9518748569222915,0.0688
t_max,40,19,bandit_v2,1.4878607877547843,3.348960282463722,0.0804
t_max,40,19,ppo_v3,1.6550625257311342,3.4038782258533216,0.0798
t_max,40,19,fqi_v3,1.3384123947805162,3.185409756822722,0.0772
t_max,40,19,uniform,1.4041993346668227,3.2353253757650218,0.079
t_max,40,19,no_op,1.358357904952747,3.2516081469692826,0.0856
t_max,40,20,bandit_v2,1.4404008227374896,3.282002904170924,0.0748
t_max,40,20,ppo_v3,1.540760831090389,3.266138750664716,0.0724
t_max,40,20,fqi_v3,1.3770613050949791,3.2385754497038457,0.0786
t_max,40,20,uniform,1.424108967791645,3.2918523285377943,0.079
t_max,40,20,no_op,1.2186434814011158,3.0375124764631543,0.0724
t_max,40,21,bandit_v2,1.4556583872627584,3.275368782204818,0.0778
t_max,40,21,ppo_v3,1.390534970084495,3.217878876415497,0.0748
t_max,40,21,fqi_v3,1.3424403950662633,3.185402838865779,0.0768
t_max,40,21,uniform,1.3951175141470638,3.204809035004084,0.077
t_max,40,21,no_op,1.3526553409906166,3.2075834634810714,0.0836
t_max,40,22,bandit_v2,1.5442751794950045,3.357442774871786,0.0834
t_max,40,22,ppo_v3,1.6200725978960988,3.3654165460946963,0.079
t_max,40,22,fqi_v3,1.2861710448439008,3.1133352685464764,0.07
t_max,40,22,uniform,1.3813367229929674,3.2255446647153234,0.0766
t_max,40,22,no_op,1.2935447956170678,3.142836132484417,0.0776
t_max,40,23,bandit_v2,1.4588013885835605,3.25678857120481,0.0766
t_max,40,23,ppo_v3,1.7138634864797864,3.5319572385772586,0.087
t_max,40,23,fqi_v3,1.278121151440508,3.1191250930794756,0.0716
t_max,40,23,uniform,1.4424650466819118,3.2818328953929026,0.0784
t_max,40,23,no_op,1.248020483845504,3.0618450780779023,0.075
t_max,40,24,bandit_v2,1.449368965015263,3.2348567654274647,0.0762
t_max,40,24,ppo_v3,1.6814704197415908,3.3717297942363302,0.0804
t_max,40,24,fqi_v3,1.369922135769608,3.2144056315476046,0.0794
t_max,40,24,uniform,1.4329368026572022,3.3055640395880386,0.0776
t_max,40,24,no_op,1.3501581326170922,3.203891450244311,0.0816
t_max,60,10,bandit_v2,1.5386936310089683,3.3579186521753144,0.0822
t_max,60,10,ppo_v3,1.6916694530950775,3.4539566025383133,0.0828
t_max,60,10,fqi_v3,1.4260527269198073,3.22559569256694,0.0788
t_max,60,10,uniform,1.3941617375400888,3.2730836582977263,0.0786
t_max,60,10,no_op,1.313250361765614,3.170839541197399,0.081
t_max,60,11,bandit_v2,1.5182154846353535,3.342126715174125,0.0812
t_max,60,11,ppo_v3,1.662864776252959,3.398411321045913,0.0814
t_max,60,11,fqi_v3,1.3878520498479685,3.227056169051617,0.0786
t_max,60,11,uniform,1.48218153252611,3.325308566029152,0.0828
t_max,60,11,no_op,1.19600283535414,3.005559390188132,0.07
t_max,60,12,bandit_v2,1.4279026840492002,3.196745300741593,0.0732
t_max,60,12,ppo_v3,1.5992995734876074,3.3589716748587195,0.078
t_max,60,12,fqi_v3,1.4205518111134288,3.304123802042425,0.0822
t_max,60,12,uniform,1.3766003205383976,3.233645340400803,0.078
t_max,60,12,no_op,1.2923366719361828,3.1597166833916503,0.0776
t_max,60,13,bandit_v2,1.497414361293233,3.2909574647500945,0.0762
t_max,60,13,ppo_v3,1.586642327787175,3.4480868065539942,0.081
t_max,60,13,fqi_v3,1.4720073651915089,3.35442976144508,0.086
t_max,60,13,uniform,1.393755323487224,3.25185048243627,0.0768
t_max,60,13,no_op,1.2875578187416286,3.1614945813051003,0.0792
t_max,60,14,bandit_v2,1.5124177249960429,3.405454792234131,0.082
t_max,60,14,ppo_v3,1.654849105644822,3.420722658816274,0.077
t_max,60,14,fqi_v3,1.4044961077849072,3.2275376658823918,0.0798
t_max,60,14,uniform,1.4297185055942916,3.3015831669153903,0.0814
t_max,60,14,no_op,1.2761072237745268,3.0435649267962055,0.0744
t_max,60,15,bandit_v2,1.510849383264832,3.3364078704490927,0.0814
t_max,60,15,ppo_v3,1.5576692004359451,3.3670048431129027,0.0766
t_max,60,15,fqi_v3,1.348870852952965,3.2170709402220004,0.0756
t_max,60,15,uniform,1.417486010308651,3.24107227692032,0.0792
t_max,60,15,no_op,1.3365154645211679,3.2131936507015713,0.0818
t_max,60,16,bandit_v2,1.6069665181321136,3.445916050855143,0.087
t_max,60,16,ppo_v3,1.6297036986334383,3.5442891484171364,0.0856
t_max,60,16,fqi_v3,1.3637840230406393,3.16769453273263,0.0746
t_max,60,16,uniform,1.4225600086433652,3.2938568192551902,0.0794
t_max,60,16,no_op,1.2981645143084823,3.1479739419105393,0.079
t_max,60,17,bandit_v2,1.4304003324977241,3.1857497376736537,0.071
t_max,60,17,ppo_v3,1.5939689432986863,3.291049194779052,0.0728
t_max,60,17,fqi_v3,1.3704882610604074,3.1476817225887768,0.0726
t_max,60,17,uniform,1.4210751172635996,3.272287453609996,0.0788
t_max,60,17,no_op,1.2394327944116246,3.039980984475856,0.0734
t_max,60,18,bandit_v2,1.4543697754635327,3.2328118221695314,0.074
t_max,60,18,ppo_v3,1.633772764666288,3.347646759179668,0.076
t_max,60,18,fqi_v3,1.399617686852753,3.30799402808484,0.0808
t_max,60,18,uniform,1.3919864289538457,3.2337382524050833,0.0772
t_max,60,18,no_op,1.1785520144944297,2.9518748569222915,0.0688
t_max,60,19,bandit_v2,1.4878607877547843,3.348960282463722,0.0804
t_max,60,19,ppo_v3,1.6550625257311342,3.4038782258533216,0.0798
t_max,60,19,fqi_v3,1.3384123947805162,3.185409756822722,0.0772
t_max,60,19,uniform,1.4041993346668227,3.2353253757650218,0.079
t_max,60,19,no_op,1.358357904952747,3.2516081469692826,0.0856
t_max,60,20,bandit_v2,1.4404008227374896,3.282002904170924,0.0748
t_max,60,20,ppo_v3,1.540760831090389,3.266138750664716,0.0724
t_max,60,20,fqi_v3,1.3770613050949791,3.2385754497038457,0.0786
t_max,60,20,uniform,1.424108967791645,3.2918523285377943,0.079
t_max,60,20,no_op,1.2186434814011158,3.0375124764631543,0.0724
t_max,60,21,bandit_v2,1.4556583872627584,3.275368782204818,0.0778
t_max,60,21,ppo_v3,1.390534970084495,3.217878876415497,0.0748
t_max,60,21,fqi_v3,1.3424403950662633,3.185402838865779,0.0768
t_max,60,21,uniform,1.3951175141470638,3.204809035004084,0.077
t_max,60,21,no_op,1.3526553409906166,3.2075834634810714,0.0836
t_max,60,22,bandit_v2,1.5442751794950045,3.357442774871786,0.0834
t_max,60,22,ppo_v3,1.6200725978960988,3.3654165460946963,0.079
t_max,60,22,fqi_v3,1.2861710448439008,3.1133352685464764,0.07
t_max,60,22,uniform,1.3813367229929674,3.2255446647153234,0.0766
t_max,60,22,no_op,1.2935447956170678,3.142836132484417,0.0776
t_max,60,23,bandit_v2,1.4588013885835605,3.25678857120481,0.0766
t_max,60,23,ppo_v3,1.7138634864797864,3.5319572385772586,0.087
t_max,60,23,fqi_v3,1.278121151440508,3.1191250930794756,0.0716
t_max,60,23,uniform,1.4424650466819118,3.2818328953929026,0.0784
t_max,60,23,no_op,1.248020483845504,3.0618450780779023,0.075
t_max,60,24,bandit_v2,1.449368965015263,3.2348567654274647,0.0762
t_max,60,24,ppo_v3,1.6814704197415908,3.3717297942363302,0.0804
t_max,60,24,fqi_v3,1.369922135769608,3.2144056315476046,0.0794
t_max,60,24,uniform,1.4329368026572022,3.3055640395880386,0.0776
t_max,60,24,no_op,1.3501581326170922,3.203891450244311,0.0816
